id_speech,id_extract,date_time,country,speaker_title,speaker_gender_code,speaker_gender_option,phrase_pairing_code,phrase_pairing_option,textual_extract,portrayal_code,portrayal_option,portrayal_justification,action_type_code,action_type_option,geographic_locus_code,geographic_locus_option,theme_code,theme_option,Country
M_1,M_1_1,2026-09-22,Secretary-General of the United Nations,Secretary-General,1,Male,1,Women Alone,"For Special Drawing Rights to benefit countries that need them most. Excellencies, No discussion of inequality can ignore its most universal form: The inequality between women and men. Everywhere, women and girls continue to face discrimination, violence, exclusion and abuse.",1,Vulnerable / Protection-Oriented,Marked as Vulnerable / Protection-Oriented because paired with men in a statement of inequality; immediate next sentence lists discrimination/violence/abuse.,1,Abstract / Rhetorical Mention,3,Dual / Mixed Framing,3,Governance & Human Rights,UN
M_1,M_1_2,2026-09-22,Secretary-General of the United Nations,Secretary-General,1,Male,3,Women and Girls,"Excellencies, No discussion of inequality can ignore its most universal form: The inequality between women and men. Everywhere, women and girls continue to face discrimination, violence, exclusion and abuse. Around the world: Their rights are being rolled back.",1,Vulnerable / Protection-Oriented,"Marked as Vulnerable / Protection-Oriented because women and girls presented as facing discrimination, violence, exclusion, abuse, and rolled-back rights.",1,Abstract / Rhetorical Mention,3,Dual / Mixed Framing,3,Governance & Human Rights,UN
M_1,M_1_3,2026-09-22,Secretary-General of the United Nations,Secretary-General,1,Male,1,Women Alone,This is an outrage –and a profound waste for humanity. Peace is more durable when women are at the table. Economies are more dynamic when women have equal opportunity.,2,Agent / Actor-Oriented,Marked as Agent / Actor-Oriented because women's presence 'at the table' presented as driver of durable peace.,1,Abstract / Rhetorical Mention,3,Dual / Mixed Framing,6,Peacekeeping & WPS Governance,UN
M_1,M_1_4,2026-09-22,Secretary-General of the United Nations,Secretary-General,1,Male,1,Women Alone,"Peace is more durable when women are at the table. Economies are more dynamic when women have equal opportunity. Societies are more resilient when girls can learn, lead and live free from fear.",2,Agent / Actor-Oriented,Marked as Agent / Actor-Oriented because women's equal economic opportunity presented as driver of dynamism.,1,Abstract / Rhetorical Mention,3,Dual / Mixed Framing,4,Economic Development & Labor,UN
M_2,M_2_1,2026-09-22,President of the General Assembly (opening),President of the General Assembly,1,Male,3,Women and Girls,"And internet access has risen from 40 per cent to 74 per cent. Behind these figures are healthier children, more resilient communities, greater opportunities for women and girls, and renewed hope. These gains show that accelerating the SDGs is possible when developing countries and development partners work in concert.",2,Agent / Actor-Oriented,Marked as Agent / Actor-Oriented because women and girls presented as beneficiaries of SDG-driven opportunity gains.,1,Abstract / Rhetorical Mention,3,Dual / Mixed Framing,4,Economic Development & Labor,UN
M_2,M_2_2,2026-09-22,President of the General Assembly (opening),President of the General Assembly,1,Male,3,Women and Girls,"Hateful narratives are spreading like wildfire across borders and into homes at unprecedented speed and scale. They target women and girls, minorities, migrants, refugees and persons with disabilities, often for political gain. New and emerging technologies are used to amplify lies, manipulate public debate, spread hatred and give incitement to violence faster and farther than ever before.",1,Vulnerable / Protection-Oriented,Marked as Vulnerable / Protection-Oriented because women and girls named among targets of hateful narratives and discrimination.,1,Abstract / Rhetorical Mention,3,Dual / Mixed Framing,3,Governance & Human Rights,UN
M_3,M_3_1,2026-09-22,Brazil,President,1,Male,2,Women and Children,"They were defeated by hatred. Generations of Palestinians will carry the pain and trauma left by the genocide of women and children perpetrated. Israeli civilians pay the price for radicalism and intolerance of Hamas terrorist acts, persecuting the International Criminal Court and its members encourages these crimes to go unpunished.",1,Vulnerable / Protection-Oriented,Marked as Vulnerable / Protection-Oriented because women and children presented as victims of genocide in Gaza.,1,Abstract / Rhetorical Mention,2,Foreign / Global Crisis Context,1,Conflict & Security,BRA
M_3,M_3_2,2026-09-22,Brazil,President,1,Male,2,Women and Children,"Brazil will not tolerate this business model. We passed one of the most advanced pieces of legislation in the world to protect children, adolescents and women in the digital environment. We will ensure fair compensation for artists, musicians and other visual content creators.",1,Vulnerable / Protection-Oriented,"Marked as Vulnerable / Protection-Oriented because close variant (children, adolescents, women); concrete domestic legislation to protect from digital/online harm.",3,Policy / Legislative Reform,1,Domestic Context,7,"Tech, AI & Safeguarding",BRA
M_3,M_3_3,2026-09-22,Brazil,President,1,Male,1,Women Alone,Achieving this goal requires ending the so-called six times one working schedule to guarantee workers two days off per week. This change is crucial to alleviate the domestic burden that still falls on women. We arebuilding a Brazil where women don't need permission to occupy positions of power or enter the job market.,3,Dual / Mixed Framing,"Marked as Dual / Mixed Framing because domestic burden on women is a disadvantage, but tied to a concrete policy reform (ending six-day work weeks); next sentence pivots to agency.",3,Policy / Legislative Reform,1,Domestic Context,4,Economic Development & Labor,BRA
M_3,M_3_4,2026-09-22,Brazil,President,1,Male,1,Women Alone,"This change is crucial to alleviate the domestic burden that still falls on women. We arebuilding a Brazil where women don't need permission to occupy positions of power or enter the job market. A country free from femicide where no woman, inside or outside their home lives under the threat of violence.",2,Agent / Actor-Oriented,"Marked as Agent / Actor-Oriented because women's access to power and the job market, as part of the same described labour reform.",3,Policy / Legislative Reform,1,Domestic Context,4,Economic Development & Labor,BRA
M_3,M_3_5,2026-09-22,Brazil,President,1,Male,1,Women Alone,"We arebuilding a Brazil where women don't need permission to occupy positions of power or enter the job market. A country free from femicide where no woman, inside or outside their home lives under the threat of violence. Where once again, no woman inside or outside their home lives under the threat of violence.",1,Vulnerable / Protection-Oriented,"Marked as Vulnerable / Protection-Oriented because freedom from femicide and threat of violence, part of same reform narrative.",3,Policy / Legislative Reform,1,Domestic Context,3,Governance & Human Rights,BRA
M_3,M_3_6,2026-09-22,Brazil,President,1,Male,1,Women Alone,"A country free from femicide where no woman, inside or outside their home lives under the threat of violence. Where once again, no woman inside or outside their home lives under the threat of violence. This is a cause that the whole world needs to embrace.",1,Vulnerable / Protection-Oriented,Marked as Vulnerable / Protection-Oriented because repeats the freedom-from-violence framing without new agency element.,1,Abstract / Rhetorical Mention,1,Domestic Context,3,Governance & Human Rights,BRA
M_3,M_3_7,2026-09-22,Brazil,President,1,Male,1,Women Alone,"It has protected migrants and refugees, condemned racism, anti-Semitism and religious intolerance. These were achievements of leaders who took up to this podium, driven by indignation at the injustices of their time Men and women who refused to accept war as a destiny, colonialism as a right, apartheid as a legitimate system. It was from this ability to say no to inequalities, that some of the greatest transformations we have experienced were born.",2,Agent / Actor-Oriented,"Marked as Agent / Actor-Oriented because women named alongside men as historical leaders who refused war, colonialism, apartheid.",1,Abstract / Rhetorical Mention,3,Dual / Mixed Framing,3,Governance & Human Rights,BRA
M_4,M_4_0,2026-09-22,United States of America,President,1,Male,0,No Mention,,0,No Mention,No mention of women in the speech.,0,No Mention,0,No Mention,0,No Mention,USA
M_5,M_5_0,2026-09-22,Jordan,King,1,Male,0,No Mention,,0,No Mention,No mention of women in the speech.,0,No Mention,0,No Mention,0,No Mention,JOR
M_6,M_6_1,2026-09-22,Türkiye,President,1,Male,2,Women and Children,"Hundreds of thousands have been forced to leave the lands where they were born and raised. In Gaza alone, over the past three years, 74,000 of our brothers and sisters—most of them children and women—have fallen victim to Israel’s state terrorism. The people of Gaza are still searching for their loved ones beneath the rubble; they are uncovering the bodies of their spouses, children, mothers and fathers.",1,Vulnerable / Protection-Oriented,Marked as Vulnerable / Protection-Oriented because children and women (reversed order) presented as majority of Gaza fatalities.,1,Abstract / Rhetorical Mention,2,Foreign / Global Crisis Context,1,Conflict & Security,TUR
M_6,M_6_2,2026-09-22,Türkiye,President,1,Male,3,Women and Girls,"Islamophobia, which is spreading like the plague in the West, is at the forefront of these issues. Most of all, Muslim women and girls are subjected to greater discrimination in recent years. We regard the headscarf bans introduced in schools by certain countries as an attack on women’s most fundamental rights.",1,Vulnerable / Protection-Oriented,"Marked as Vulnerable / Protection-Oriented because Muslim women and girls presented as subjected to discrimination globally, not a single named country.",1,Abstract / Rhetorical Mention,3,Dual / Mixed Framing,3,Governance & Human Rights,TUR
M_6,M_6_3,2026-09-22,Türkiye,President,1,Male,1,Women Alone,"Most of all, Muslim women and girls are subjected to greater discrimination in recent years. We regard the headscarf bans introduced in schools by certain countries as an attack on women’s most fundamental rights. Rising xenophobia, cultural racism and anti-Semitism are also toxic trends that must be combated with determination.",2,Agent / Actor-Oriented,Marked as Agent / Actor-Oriented because headscarf bans framed as an attack on women's fundamental rights (rights-holder framing).,1,Abstract / Rhetorical Mention,2,Foreign / Global Crisis Context,3,Governance & Human Rights,TUR
M_6,M_6_4,2026-09-22,Türkiye,President,1,Male,1,Women Alone,"Global gender-neutralization policies as well have turned into a siege targeting innocent children, alongside the family institution. We can break this siege only by protecting the family consisting of women and men. Türkiye will continue to take initiatives in protecting families and children, despite attacks from lobby groups.",1,Vulnerable / Protection-Oriented,Marked as Vulnerable / Protection-Oriented because women named as members of 'the family' to be protected from a perceived ideological siege.,1,Abstract / Rhetorical Mention,1,Domestic Context,3,Governance & Human Rights,TUR
M_7,M_7_0,2026-09-22,Kyrgyzstan,President,1,Male,0,No Mention,,0,No Mention,No mention of women in the speech.,0,No Mention,0,No Mention,0,No Mention,KGZ
M_8,M_8_0,2026-09-22,Qatar,Amir,1,Male,0,No Mention,,0,No Mention,No mention of women in the speech.,0,No Mention,0,No Mention,0,No Mention,QAT
M_9,M_9_0,2026-09-22,Lithuania,President,1,Male,0,No Mention,,0,No Mention,No mention of women in the speech.,0,No Mention,0,No Mention,0,No Mention,LTU
M_10,M_10_1,2026-09-22,Peru,President,2,Female,2,Women and Children,"We can share universal principles and at the same time recognize that every people has its own story, its own history, its own culture, its own traditions, and the legitimate right to democratically define its own path. We hope to see independent, transparent action, which does not make ideological calculations, and without those calculations, manages to respect and ensure all human rights the rights of peasants, children, women, the rights of police forces and members of the military that are on the front line in the defense of life and freedom this forum has before it the historic duty to be a space for the meeting, the coming together of equals, a place for genuine cooperation, free of external diktats and attempts to standardize and homogenize thought. Those of us that come from nations that are constantly having to recover and get back on their feet.",2,Agent / Actor-Oriented,Marked as Agent / Actor-Oriented because women paired with children/peasants as rights-holders in a general call for respecting all human rights at the UN forum.,1,Abstract / Rhetorical Mention,3,Dual / Mixed Framing,3,Governance & Human Rights,PER
M_11,M_11_0,2026-09-22,Chile,President,1,Male,0,No Mention,,0,No Mention,No mention of women in the speech.,0,No Mention,0,No Mention,0,No Mention,CHL
M_12,M_12_0,2026-09-22,France,President,1,Male,0,No Mention,,0,No Mention,No mention of women in the speech.,0,No Mention,0,No Mention,0,No Mention,FRA
M_13,M_13_0,2026-09-22,Finland,President,1,Male,0,No Mention,,0,No Mention,No mention of women in the speech.,0,No Mention,0,No Mention,0,No Mention,FIN
M_14,M_14_1,2026-09-22,Luxembourg,Grand Duke,1,Male,2,Women and Children,"The same level of responsibility applies to peace and security. Conflicts affect all human beings women, children, older persons, persons with disabilities, as well as people who are already vulnerable. Protecting civilians and defending human rights cannot take a back seat to other considerations.",1,Vulnerable / Protection-Oriented,"Marked as Vulnerable / Protection-Oriented because women and children listed among groups affected by conflict, alongside the elderly and persons with disabilities.",1,Abstract / Rhetorical Mention,2,Foreign / Global Crisis Context,2,Humanitarian & Crisis,LUX
M_14,M_14_2,2026-09-22,Luxembourg,Grand Duke,1,Male,1,Women Alone,"Protecting civilians and defending human rights cannot take a back seat to other considerations. Luxembourg has Unstintingly worked to contribute to this effort through peacekeeping operations humanitarian interventions protecting children affected by armed conflict, the women peace and security agenda, as well as the mine clearance humanitarian activities in Ukraine. The experience we gained as an elected member of the Security Council in 2013 and 2014 showed us that elected members can make a real difference, especially when the permanent members of the Security Council are divided.",2,Agent / Actor-Oriented,Marked as Agent / Actor-Oriented because WPS agenda invoked among Luxembourg's peacekeeping/humanitarian contributions abroad.,2,Institutional / Parity Target,2,Foreign / Global Crisis Context,6,Peacekeeping & WPS Governance,LUX
M_15,M_15_1,2026-09-22,Angola,President,1,Male,2,Women and Children,"From what we have observed, we do not discern encouraging signs regarding the likelihood of reaching any peace agreement in the near future in the wars between Russia and Ukraine, in the Israeli-Palestinian conflict in the Middle East and in the Persian Gulf. We condemn the genocide against defenceless populations, the elderly, women, children, bedridden patients, health professionals, journalists and workers of international humanitarian organizations, who are often deprived of access to the most basic human rights and to essential goods for life, such as water, food and medicines. The expulsion of the Palestinians from their homes and lands through the expansion of Jewish settlements in the West Bank must elicit the strongest international outrage and condemnation.",1,Vulnerable / Protection-Oriented,"Marked as Vulnerable / Protection-Oriented because women and children listed among defenceless populations facing genocide, deprived of basic rights and goods.",1,Abstract / Rhetorical Mention,2,Foreign / Global Crisis Context,1,Conflict & Security,AGO
M_16,M_16_1,2026-09-22,Mongolia,President,1,Male,1,Women Alone,"Furthermore, Mongolia has made tangible contributions to global efforts to maintain international peace and security through its active participation in United Nations Peacekeeping Operations and other international missions, having deployed more than 23,000 military and police personnel to hotspots around the world since 2002.Even today, our troops are serving in the Gang Suppression Force"" multinational police and military mission deployed to Haiti. Mongolia has been actively advancing the implementation of United Nations Security Council Resolution 1325, “Women, Peace and Security,” and has become one of the few countries to have reached 15 percent women’s representation among its military personnel serving in United Nations Peacekeeping Operations. Since 2006, when Mongolia deployed its first female peacekeeper to the UN mission in Western Sahara, Mongolian women have made valuable contributions to global peace over the past two decades through their courage, resilience, and ingenuity.""",2,Agent / Actor-Oriented,Marked as Agent / Actor-Oriented because UNSCR1325 implementation and a 15% representation quota among peacekeeping personnel.,2,Institutional / Parity Target,2,Foreign / Global Crisis Context,6,Peacekeeping & WPS Governance,MNG
M_16,M_16_2,2026-09-22,Mongolia,President,1,Male,1,Women Alone,"Mongolia has been actively advancing the implementation of United Nations Security Council Resolution 1325, “Women, Peace and Security,” and has become one of the few countries to have reached 15 percent women’s representation among its military personnel serving in United Nations Peacekeeping Operations. Since 2006, when Mongolia deployed its first female peacekeeper to the UN mission in Western Sahara, Mongolian women have made valuable contributions to global peace over the past two decades through their courage, resilience, and ingenuity. In this connection, Mongolia plans to host the second international conference on Women's Participation in UN Peacekeeping Operations"" in Ulaanbaatar in 2027.""",2,Agent / Actor-Oriented,"Marked as Agent / Actor-Oriented because Mongolian women peacekeepers credited with courage, resilience and contributions to peace.",1,Abstract / Rhetorical Mention,2,Foreign / Global Crisis Context,6,Peacekeeping & WPS Governance,MNG
M_16,M_16_3,2026-09-22,Mongolia,President,1,Male,1,Women Alone,"Since 2006, when Mongolia deployed its first female peacekeeper to the UN mission in Western Sahara, Mongolian women have made valuable contributions to global peace over the past two decades through their courage, resilience, and ingenuity. In this connection, Mongolia plans to host the second international conference on Women's Participation in UN Peacekeeping Operations"" in Ulaanbaatar in 2027. I am pleased to highlight Mongolia’s active leadership within the United Nations in advancing the interests of landlocked developing countries, drawing greater international attention to their special needs and unique circumstances, and cooperating with these countries to ensure that their voices are heard on the global stage.""",2,Agent / Actor-Oriented,Marked as Agent / Actor-Oriented because hosting an international conference dedicated to women's peacekeeping participation.,2,Institutional / Parity Target,1,Domestic Context,6,Peacekeeping & WPS Governance,MNG
M_16,M_16_4,2026-09-22,Mongolia,President,1,Male,2,Women and Children,"It is deeply regrettable that, according to the latest report of the Stockholm International Peace Research Institute, released at this critical time, global military expenditure has reached an all-time high of 2.9 trillion USD. It is time for all of us to ponder and reflect with common sense on what progress could have been achieved in the development of human society if this huge budget and funds had been spent on tackling pressing issues such as combating global warming and climate change, and improving education, health, food security, and advancement of women and children. According to the Sustainable Development Report 2026, Mongolia has achieved 68.8 percent of the SDGs, reflecting the tangible results of our efforts and the progress we have made in recent years.",2,Agent / Actor-Oriented,"Marked as Agent / Actor-Oriented because advancement of women and children listed as one of several domains (climate, education, health, food security) that military spending could instead fund.",1,Abstract / Rhetorical Mention,3,Dual / Mixed Framing,8,Cross-Cutting / Multi-Thematic,MNG
M_16,M_16_5,2026-09-22,Mongolia,President,1,Male,1,Women Alone,"The Ulaanbaatar Dialogue has evolved into a unique platform for strengthening trust and confidence-building across Northeast Asia, facilitating multilateral discussions among government delegates and scholars, not only on traditional security challenges such as political and disarmament matters, but also on a broad range of issues including energy, infrastructure connectivity, green development, and humanitarian cooperation. Furthermore, as an active member of the United Nations, Mongolia has contributed to international cooperation to advance gender equality, strengthen women’s political participation and leadership, and increase their representation at decision-making levels. In recent years, Mongolia has established a tradition of hosting international events dedicated to women in our country, including the International Conference on Strengthening the Role of Women in Peacekeeping in 2022, the Female Foreign Ministers’ Meeting in 2023, and the World Women’s Forum in 2024, in collaboration with the United Nations, and the World Women Entrepreneurs’ Forum in 2025.",2,Agent / Actor-Oriented,Marked as Agent / Actor-Oriented because advancing gender equality and women's political participation/leadership at decision-making levels.,2,Institutional / Parity Target,3,Dual / Mixed Framing,3,Governance & Human Rights,MNG
M_16,M_16_6,2026-09-22,Mongolia,President,1,Male,1,Women Alone,"Furthermore, as an active member of the United Nations, Mongolia has contributed to international cooperation to advance gender equality, strengthen women’s political participation and leadership, and increase their representation at decision-making levels. In recent years, Mongolia has established a tradition of hosting international events dedicated to women in our country, including the International Conference on Strengthening the Role of Women in Peacekeeping in 2022, the Female Foreign Ministers’ Meeting in 2023, and the World Women’s Forum in 2024, in collaboration with the United Nations, and the World Women Entrepreneurs’ Forum in 2025. Hence, I am confident that the World Women Parliamentarians’ Forum, to be held in Ulaanbaatar on October 12-13 this year, will substantially contribute to strengthening women’s political leadership and inter-parliamentary cooperation, thereby advancing gender equality and accelerating progress towards achieving the Sustainable Development Goals.",2,Agent / Actor-Oriented,"Marked as Agent / Actor-Oriented because hosting recurring international events on women's leadership, peacekeeping and entrepreneurship.",2,Institutional / Parity Target,1,Domestic Context,3,Governance & Human Rights,MNG
M_16,M_16_7,2026-09-22,Mongolia,President,1,Male,1,Women Alone,"In recent years, Mongolia has established a tradition of hosting international events dedicated to women in our country, including the International Conference on Strengthening the Role of Women in Peacekeeping in 2022, the Female Foreign Ministers’ Meeting in 2023, and the World Women’s Forum in 2024, in collaboration with the United Nations, and the World Women Entrepreneurs’ Forum in 2025. Hence, I am confident that the World Women Parliamentarians’ Forum, to be held in Ulaanbaatar on October 12-13 this year, will substantially contribute to strengthening women’s political leadership and inter-parliamentary cooperation, thereby advancing gender equality and accelerating progress towards achieving the Sustainable Development Goals. I cordially invite you to participate in this important event at a high level and with broad representation.",2,Agent / Actor-Oriented,Marked as Agent / Actor-Oriented because upcoming Parliamentarians' Forum framed as strengthening women's political leadership.,2,Institutional / Parity Target,1,Domestic Context,3,Governance & Human Rights,MNG
M_16,M_16_8,2026-09-22,Mongolia,President,1,Male,1,Women Alone,"I cordially invite you to participate in this important event at a high level and with broad representation. Mongolia will continue to serve as a solid bridge for partnership, cooperation, and solidarity in advancing women’s social and political leadership and participation at all levels. President, Mongolia has consistently championed and supported numerous initiatives within the international community aimed at preserving and promoting cultural heritage, traditional knowledge, and the shared values of humanity.",2,Agent / Actor-Oriented,Marked as Agent / Actor-Oriented because general commitment to advancing women's social and political leadership and participation.,1,Abstract / Rhetorical Mention,3,Dual / Mixed Framing,3,Governance & Human Rights,MNG
M_17,M_17_0,2026-09-22,Republic of Korea,President,1,Male,0,No Mention,,0,No Mention,No mention of women in the speech.,0,No Mention,0,No Mention,0,No Mention,KOR
M_18,M_18_1,2026-09-22,Suriname,President,2,Female,1,Women Alone,"President, Excellencies, Distinguished Delegates, Finally, as the United Nations approaches change in its highest leadership, current realities and approved mandates require the next Secretary-General to portray strong commitment to multilateralism, dialogue, and the rule of law. Many capable candidates, including women leaders who have taken up the challenge, have been put forth and for the first time in history we have a female candidate from the Caribbean. CARICOM endorses this candidate.",2,Agent / Actor-Oriented,Marked as Agent / Actor-Oriented because women leaders and a Caribbean female candidate presented as competent contenders for Secretary-General.,1,Abstract / Rhetorical Mention,3,Dual / Mixed Framing,3,Governance & Human Rights,SUR
M_19,M_19_1,2026-09-22,Sierra Leone,President,1,Male,1,Women Alone,"In eighty years, every Secretary-General has been a man. The women put forward for this office have placed their competence beyond dispute. What remains is the will of this Organisation to live by the equality it asks of others and entrust a woman with its highest office.",2,Agent / Actor-Oriented,Marked as Agent / Actor-Oriented because women candidates for Secretary-General described as having proven competence.,1,Abstract / Rhetorical Mention,3,Dual / Mixed Framing,3,Governance & Human Rights,SLE
M_19,M_19_2,2026-09-22,Sierra Leone,President,1,Male,1,Women Alone,The women put forward for this office have placed their competence beyond dispute. What remains is the will of this Organisation to live by the equality it asks of others and entrust a woman with its highest office. Our insistence on a capable United Nations comes from experience.,2,Agent / Actor-Oriented,"Marked as Agent / Actor-Oriented because call to entrust a woman with the UN's highest office, framed as fulfilling equality.",1,Abstract / Rhetorical Mention,3,Dual / Mixed Framing,3,Governance & Human Rights,SLE
M_19,M_19_3,2026-09-22,Sierra Leone,President,1,Male,3,Women and Girls,"Imperfect as it is, that equality remains one of humanity’s boldest promises. Sierra Leone will continue to contribute personnel to United Nations peace operations, uphold international law, support mediation and peacebuilding, defend the rights of women and girls, and serve as a bridge wherever Member States seek one. We will also continue to support the institutions of international justice.",2,Agent / Actor-Oriented,"Marked as Agent / Actor-Oriented because commitment to defend the rights of women and girls (rights-holder framing), within a list of peace/justice commitments.",1,Abstract / Rhetorical Mention,3,Dual / Mixed Framing,3,Governance & Human Rights,SLE
M_20,M_20_1,2026-09-22,Bosnia and Herzegovina,Chairman of the Presidency,1,Male,2,Women and Children,"strengthening policies for the prevention of genocide, crimes against humanity and other war crimes; advancing the rights of women and children; and strengthening gender equality, better healthcare and education.",2,Agent / Actor-Oriented,Marked as Agent / Actor-Oriented because advancing the rights of women and children listed among human-rights policy priorities.,1,Abstract / Rhetorical Mention,3,Dual / Mixed Framing,3,Governance & Human Rights,BIH
M_21,M_21_1,2026-09-22,Dominica,President,2,Female,3,Women and Girls,"We need 09/21/2026 Final Statement multilateralism that is not selective in its concern or uneven in its response, but fair, effective and responsive to the needs of all people. Our development must include young people, women and girls, Indigenous Peoples, persons with disabilities, the elderly and communities that have too often been left behind. If the United Nations is to deliver for all, it must first see, hear and include all.",3,Dual / Mixed Framing,"Marked as Dual / Mixed Framing because young people, women and girls named as groups to be included in development; 'left behind' signals a vulnerability undertone alongside the inclusion framing.",1,Abstract / Rhetorical Mention,1,Domestic Context,4,Economic Development & Labor,DMA
M_22,M_22_0,2026-09-22,Switzerland,President,1,Male,0,No Mention,,0,No Mention,No mention of women in the speech.,0,No Mention,0,No Mention,0,No Mention,CHE
M_23,M_23_0,2026-09-22,Viet Nam,President,1,Male,0,No Mention,,0,No Mention,No mention of women in the speech.,0,No Mention,0,No Mention,0,No Mention,VNM
M_24,M_24_0,2026-09-22,Seychelles,President,1,Male,0,No Mention,,0,No Mention,No mention of women in the speech.,0,No Mention,0,No Mention,0,No Mention,SYC
M_25,M_25_0,2026-09-22,Naoero,President,1,Male,0,No Mention,,0,No Mention,No mention of women in the speech.,0,No Mention,0,No Mention,0,No Mention,NRU
M_26,M_26_1,2026-09-22,United Republic of Tanzania,Vice-President,1,Male,1,Women Alone,"Tanzania Vision 2050, aim to build an inclusive and competitive economy that ensures quality of life for all. We are investing in our people, productive infrastructure, technology and innovation, while creating greater opportunities for women and young people. Our ambition is to transform economic growth into lasting improvements in people's lives.",2,Agent / Actor-Oriented,Marked as Agent / Actor-Oriented because women and young people as beneficiaries of economic opportunity under a national development plan.,1,Abstract / Rhetorical Mention,1,Domestic Context,4,Economic Development & Labor,TZA
M_26,M_26_2,2026-09-22,United Republic of Tanzania,Vice-President,1,Male,1,Women Alone,"I, therefore, seize this opportunity to formally announce our candidature. During our tenure in the Council, we will put forward and prioritize deliberations on matters vital to the maintenance of international peace and security, such as preventive diplomacy and the peaceful Settlement of disputes; women in peacekeeping; youth in peace and security and the Reform of UN Peacekeeping. In the coming days, we will engage with each one of you and present our vision and respectfully seek your valued support to enable Tanzania to serve with a strong African voice, principled leadership, and unwavering commitment to international peace and security.",2,Agent / Actor-Oriented,Marked as Agent / Actor-Oriented because women in peacekeeping named as a Security Council candidacy priority.,2,Institutional / Parity Target,3,Dual / Mixed Framing,6,Peacekeeping & WPS Governance,TZA
M_26,M_26_3,2026-09-22,United Republic of Tanzania,Vice-President,1,Male,2,Women and Children,"Tanzania appreciates his support for Africa’s aspirations for peace, sustainable development, climate justice and a fairer international financial architecture, as well as his personal engagement with our country. Similar accolades are for Ambassador Amina Mohammed, Deputy Secretary-General, who has played a pivotal role in advancing the SDGs, advocacy for women, children and those whose voices are too often unheard. We shall miss your contribution, but Africa is proud to welcome its daughter back home.",1,Vulnerable / Protection-Oriented,Marked as Vulnerable / Protection-Oriented because women and children grouped with 'those whose voices are too often unheard' in praise of a UN official's advocacy work.,1,Abstract / Rhetorical Mention,3,Dual / Mixed Framing,3,Governance & Human Rights,TZA
M_27,M_27_0,2026-09-22,Bhutan,Prime Minister,1,Male,0,No Mention,,0,No Mention,No mention of women in the speech.,0,No Mention,0,No Mention,0,No Mention,BTN
M_28,M_28_1,2026-09-22,Trinidad and Tobago,Prime Minister,2,Female,2,Women and Children,"We will approach our tenure with an independent and practical outlook, working constructively with all members of the Council and seeking common ground wherever possible. We intend to place particular emphasis on the curbing of the illicit trafficking of small arms and light weapons, another pillar on which he had campaigned, and we intend to commit to is women and children, as well as peace and security. And then we had talked about artificial intelligence and global security.",0,No Mention,No qualitative framing present; no qualitative framing present; listed only as a stated Security Council priority alongside peace and security,1,Abstract / Rhetorical Mention,3,Dual / Mixed Framing,1,Conflict & Security,TTO
M_29,M_29_1,2026-09-22,Japan,Prime Minister,2,Female,1,Women Alone,"President, Next, I would like to set out Japan’s efforts and commitments towards the United Nations and multilateralism. Since becoming a Member State of the United Nations in 1956, Japan has acted decisively to address global challenges, such as the eradication of poverty, economic and social development, women’s empowerment, climate change, and global health. We have done so through our Official Development Assistance (ODA), channeled bilaterally or through international organizations, and have deepened our solidarity with the Global South.",2,Agent / Actor-Oriented,"Marked as Agent / Actor-Oriented because women's empowerment listed among several global challenges (poverty, development, climate, health) Japan addresses via ODA.",1,Abstract / Rhetorical Mention,3,Dual / Mixed Framing,8,Cross-Cutting / Multi-Thematic,JPN
M_30,M_30_0,2026-09-22,United Kingdom of Great Britain and Northern Ireland,Prime Minister,1,Male,0,No Mention,,0,No Mention,No mention of women in the speech.,0,No Mention,0,No Mention,0,No Mention,GBR
M_31,M_31_1,2026-09-22,Croatia,Prime Minister,1,Male,3,Women and Girls,"We support girls’ education in Kenya, provide humanitarian assistance in Gaza, and assist Syrian refugee children. We also advance mine action in Ukraine—drawing on Croatia’s own postwar experience —and protect women and girls from digital violence. This practical, inclusive, and human centered approach is also what Croatia brings to ECOSOC.",1,Vulnerable / Protection-Oriented,Marked as Vulnerable / Protection-Oriented because concrete commitment (named alongside mine action and refugee aid) to protect women and girls from digital violence abroad.,3,Policy / Legislative Reform,2,Foreign / Global Crisis Context,7,"Tech, AI & Safeguarding",HRV
M_32,M_32_1,2026-09-22,Belgium,Deputy Prime Minister,1,Male,1,Women Alone,"And the freedom not to believe. It concerns the ability of every woman to decide the course of her own life and take her equal place in society. The ability to love the person we love without fear of prison, violence or persecution.",2,Agent / Actor-Oriented,"Marked as Agent / Actor-Oriented because woman's ability to decide her own life course and take an equal place in society, as a domestic-values statement.",1,Abstract / Rhetorical Mention,1,Domestic Context,3,Governance & Human Rights,BEL
M_33,M_33_0,2026-09-22,Morocco,"Minister of Foreign Affairs, African Cooperation and Moroccans Abroad",1,Male,0,No Mention,,0,No Mention,No mention of women in the speech.,0,No Mention,0,No Mention,0,No Mention,MAR
M_34,M_34_0,2026-09-23,Syrian Arab Republic,President,1,Male,0,No Mention,,0,No Mention,No mention of women in the speech.,0,No Mention,0,No Mention,0,No Mention,SYR
M_35,M_35_0,2026-09-23,Latvia,President,1,Male,0,No Mention,,0,No Mention,No mention of women in the speech.,0,No Mention,0,No Mention,0,No Mention,LVA
M_36,M_36_0,2026-09-23,Romania,President,1,Male,0,No Mention,,0,No Mention,No mention of women in the speech.,0,No Mention,0,No Mention,0,No Mention,ROU
M_37,M_37_1,2026-09-23,Burundi,President,1,Male,1,Women Alone,"This year, when Burundi holds the rotating chairmanship of the African Union, we are keenly aware of the responsibility that falls to us. As the African Union Champion for the Youth, Peace, and Security Agenda, I have this year once again convened a Continental Youth Dialogue coupled with the Women, Peace, and Security Agenda. During this dialogue, I sense the enthusiasm of young people and women to build a community with a shared future in the spirit of Ubuntu.",2,Agent / Actor-Oriented,"Marked as Agent / Actor-Oriented because Women, Peace and Security Agenda invoked as part of an African Union youth dialogue.",2,Institutional / Parity Target,3,Dual / Mixed Framing,6,Peacekeeping & WPS Governance,BDI
M_37,M_37_2,2026-09-23,Burundi,President,1,Male,1,Women Alone,"As the African Union Champion for the Youth, Peace, and Security Agenda, I have this year once again convened a Continental Youth Dialogue coupled with the Women, Peace, and Security Agenda. During this dialogue, I sense the enthusiasm of young people and women to build a community with a shared future in the spirit of Ubuntu. In these young people, I sense the desire to connect with one another and to live together side by side.",2,Agent / Actor-Oriented,"Marked as Agent / Actor-Oriented because enthusiasm of young people and women to build a shared community, in an African Union dialogue context.",1,Abstract / Rhetorical Mention,3,Dual / Mixed Framing,3,Governance & Human Rights,BDI
M_37,M_37_3,2026-09-23,Burundi,President,1,Male,1,Women Alone,"This is what would make it possible to create a secure future and restore hope to these young people. This emerged from the discussions at the Fifth Continental Dialogue on Youth Peace and Security, held in Bujumbura from August 10th to 12th, 2026, a dialogue that highlighted the link between water, peace, conflict prevention, and inclusive leadership by young people and women. The discussions at this dialogue made it clear that there can be no lasting peace in Africa without the full, effective, and institutionalized participation of its youth. too long we have spoken of youth as a generation called upon to take the reins tomorrow.",2,Agent / Actor-Oriented,"Marked as Agent / Actor-Oriented because link between water, peace, conflict prevention and inclusive leadership by young people and women.",1,Abstract / Rhetorical Mention,3,Dual / Mixed Framing,6,Peacekeeping & WPS Governance,BDI
M_38,M_38_1,2026-09-23,Iran (Islamic Republic of),President,1,Male,2,Women and Children,"The United States, by using weapons with multiple warheads, targeted that sports hall. They martyred, assassinated our scientists, our men, women and children. Innocent children whom in truth had committed no crimes, no sins.",1,Vulnerable / Protection-Oriented,"Marked as Vulnerable / Protection-Oriented because men, women and children presented as victims (martyred/assassinated) in a domestic attack.",1,Abstract / Rhetorical Mention,1,Domestic Context,1,Conflict & Security,IRN
M_39,M_39_0,2026-09-23,Paraguay,President,1,Male,0,No Mention,,0,No Mention,No mention of women in the speech.,0,No Mention,0,No Mention,0,No Mention,PRY
M_40,M_40_0,2026-09-23,Czechia,President,1,Male,0,No Mention,,0,No Mention,No mention of women in the speech.,0,No Mention,0,No Mention,0,No Mention,CZE
M_41,M_41_1,2026-09-23,Argentina,President,1,Male,1,Women Alone,"Instead, they allowed chaos, violence and international terrorism to flourish. The alleged defenders of human rights have sheltered bloodthirsty dictatorships and regimes that stone women in the streets. They have systematically voted against Israel while remaining silent in the face of Islamic terrorism and the genocide of Christians in Africa.",1,Vulnerable / Protection-Oriented,"Marked as Vulnerable / Protection-Oriented because foreign regimes accused of stoning women in the streets, framed as a human-rights abuse.",1,Abstract / Rhetorical Mention,2,Foreign / Global Crisis Context,3,Governance & Human Rights,ARG
M_41,M_41_2,2026-09-23,Argentina,President,1,Male,1,Women Alone,"Not to conquer others, but so that our destiny may be decided by Argentines themselves. That is why I say to the free men and women of the world, to scientists, entrepreneurs and creators, to those who have dreamed of a land where they can make a new beginning. There you will find a vast land of fertile fields, oil, minerals and human talent.",2,Agent / Actor-Oriented,Marked as Agent / Actor-Oriented because free men and women of the world invoked rhetorically alongside scientists and entrepreneurs.,1,Abstract / Rhetorical Mention,3,Dual / Mixed Framing,3,Governance & Human Rights,ARG
M_42,M_42_1,2026-09-23,Estonia,President,1,Male,1,Women Alone,"At this challenging time for the organization, we need a strong and principled leader with an impeccable track record in championing and upholding international law, human rights and the principles of the Charter. Estonia also feels that after 81 years, it is time for this organization to be led by a woman. Allow me to take this opportunity to commend and express our gratitude to the current Secretary-General, Mr António Guterres, for his steadfast commitment to the principles of the UN Charter, including his support for a just and lasting peace in Ukraine.",2,Agent / Actor-Oriented,Marked as Agent / Actor-Oriented because call for the UN to be led by a woman after 81 years.,1,Abstract / Rhetorical Mention,3,Dual / Mixed Framing,3,Governance & Human Rights,EST
M_42,M_42_2,2026-09-23,Estonia,President,1,Male,1,Women Alone,"As a country ranked among the world’s top three for press freedom, we are committed to promoting media freedom, protecting journalists and enhancing media literacy. We will continue our strong commitment to women’s rights and gender equality, including sexual and reproductive health and rights. Together with New Zealand and Colombia, Estonia is leading negotiations on the Human Rights Council on the resolution on preventing maternal mortality and morbidity.",2,Agent / Actor-Oriented,"Marked as Agent / Actor-Oriented because commitment to women's rights including sexual and reproductive health, tied to a specific HRC resolution on maternal mortality.",2,Institutional / Parity Target,3,Dual / Mixed Framing,5,Maternal Health & Autonomy,EST
M_43,M_43_1,2026-09-23,Timor-Leste,President,1,Male,2,Women and Children,"These are not abstracts. They are people, they are women and children, youth in their best years, they are parents, grandparents. And they are a grand jury of humanity indicting us all, leaders and businesses of death, for you are celebrating the tens of billions of dollars in profits from the wars and deaths that you are accomplices to.",1,Vulnerable / Protection-Oriented,Marked as Vulnerable / Protection-Oriented because women and children listed among categories of war victims in a broad moral indictment.,1,Abstract / Rhetorical Mention,3,Dual / Mixed Framing,1,Conflict & Security,TLS
M_43,M_43_2,2026-09-23,Timor-Leste,President,1,Male,1,Women Alone,"Now the Security Council will elect a Latin American as our new Secretary-General for 20272032. And after more than 80 years of men at the helm of our organization, needless to say we ought to have enough wisdom and elect a woman with unquestionable integrity, an unblemished record in defence of human rights, strong advocacy of gender equality and inclusion, rule of law, democracy, solid experience in senior management in national and multilateral institutions. President, For developing countries, particularly Small Island Developing States and Least Developed Countries, efficiency must translate into stronger delivery on the ground, not reduced essential support.",2,Agent / Actor-Oriented,Marked as Agent / Actor-Oriented because call to elect a woman with integrity and a record on gender equality as Secretary-General.,1,Abstract / Rhetorical Mention,3,Dual / Mixed Framing,3,Governance & Human Rights,TLS
M_44,M_44_0,2026-09-23,Libya,President,1,Male,0,No Mention,,0,No Mention,No mention of women in the speech.,0,No Mention,0,No Mention,0,No Mention,LBY
M_45,M_45_0,2026-09-23,Palau,President,1,Male,0,No Mention,,0,No Mention,No mention of women in the speech.,0,No Mention,0,No Mention,0,No Mention,PLW
M_46,M_46_0,2026-09-23,Cyprus,President,1,Male,0,No Mention,,0,No Mention,No mention of women in the speech.,0,No Mention,0,No Mention,0,No Mention,CYP
M_47,M_47_1,2026-09-23,Dominican Republic,President,1,Male,1,Women Alone,"Renewing representation requires a security council that looks more like the multi-polar world of the present, and it also requires thinking about who will lead this organisation next. This year I affirmed, from this very same rostrum, that it was the turn of Latin American and the Caribbean to provide renewed leadership, and that the time had come for a woman to be Secretary-General of this organisation. The candidates that are running confirm this.",2,Agent / Actor-Oriented,Marked as Agent / Actor-Oriented because call for the time to have come for a woman Secretary-General.,1,Abstract / Rhetorical Mention,3,Dual / Mixed Framing,3,Governance & Human Rights,DOM
M_47,M_47_2,2026-09-23,Dominican Republic,President,1,Male,1,Women Alone,The candidates that are running confirm this. In more than 80 years no woman has led this organisation. We trust that the Security Council and the General Assembly will rise to this moment.,2,Agent / Actor-Oriented,Marked as Agent / Actor-Oriented because statement that no woman has ever led the organisation.,1,Abstract / Rhetorical Mention,3,Dual / Mixed Framing,3,Governance & Human Rights,DOM
M_47,M_47_3,2026-09-23,Dominican Republic,President,1,Male,1,Women Alone,"Six days later the Council adopted Resolution 2793 that authorised a banned suppression force with a strong mandate and with the support of the United Nations support office. I thank the United States and Panama for their leadership as well as Canada and other donors for their support, Kenya for their commitment and the commitment of all of the countries who today have their men and women serving in Haiti. However the reality does not allow us to wait.",2,Agent / Actor-Oriented,Marked as Agent / Actor-Oriented because men and women serving in a peacekeeping mission (Haiti) thanked for their service.,1,Abstract / Rhetorical Mention,2,Foreign / Global Crisis Context,6,Peacekeeping & WPS Governance,DOM
M_48,M_48_1,2026-09-23,Botswana,President,1,Male,1,Women Alone,"Her tenure reminds us of an unfinished chapter in the history of this Organisation. Eight decades later, the United Nations has yet to be led by a woman as Secretary-General. President, the theme of this session, Restoring Trust, Managing Transformation: A United Nations That Delivers for All"", aptly captures the central challenge before us.""",2,Agent / Actor-Oriented,Marked as Agent / Actor-Oriented because call for the UN to finally be led by a woman.,1,Abstract / Rhetorical Mention,3,Dual / Mixed Framing,3,Governance & Human Rights,BWA
M_49,M_49_0,2026-09-23,Ecuador,Constitutional President,1,Male,0,No Mention,,0,No Mention,No mention of women in the speech.,0,No Mention,0,No Mention,0,No Mention,ECU
M_50,M_50_0,2026-09-23,Ukraine,President,1,Male,0,No Mention,,0,No Mention,No mention of women in the speech.,0,No Mention,0,No Mention,0,No Mention,UKR
M_51,M_51_1,2026-09-23,Bulgaria,President,2,Female,3,Women and Girls,"This commitment also includes ensuring that everyone has the opportunity to participate and be heard. Children's rights and access to education, the equal participation of women and girls in societal processes and the full inclusion of young people in these are essential to build societies in which everyone is part of the decisions that determine their future. Bulgaria supports concrete international efforts in this direction, from guaranteeing the right to education of every child to the coherent implementation of the Women, Peace and Security Agenda.",2,Agent / Actor-Oriented,"Marked as Agent / Actor-Oriented because equal participation of women and girls in societal processes, as part of an inclusion commitment.",1,Abstract / Rhetorical Mention,1,Domestic Context,3,Governance & Human Rights,BGR
M_51,M_51_2,2026-09-23,Bulgaria,President,2,Female,1,Women Alone,"Children's rights and access to education, the equal participation of women and girls in societal processes and the full inclusion of young people in these are essential to build societies in which everyone is part of the decisions that determine their future. Bulgaria supports concrete international efforts in this direction, from guaranteeing the right to education of every child to the coherent implementation of the Women, Peace and Security Agenda. The protection of human rights is measured not only by commitments made, but also by real opportunities for participation, education and a dignified life.",2,Agent / Actor-Oriented,"Marked as Agent / Actor-Oriented because implementation of the Women, Peace and Security Agenda.",2,Institutional / Parity Target,3,Dual / Mixed Framing,6,Peacekeeping & WPS Governance,BGR
M_52,M_52_1,2026-09-23,Central African Republic,Head of State,1,Male,1,Women Alone,"A well-trained and employed youth involved in decision-making is the best guarantee against recruitment by armed groups. The same is true for women whose role in peace-building is not a bonus, but a prerequisite. President, my country, like so many others, is experiencing the impact of crises surrounding it from refugee movements to pressure on our borders.",2,Agent / Actor-Oriented,"Marked as Agent / Actor-Oriented because women's role in peacebuilding described as a prerequisite, not a bonus.",1,Abstract / Rhetorical Mention,1,Domestic Context,6,Peacekeeping & WPS Governance,CAF
M_53,M_53_1,2026-09-23,Panama,President,1,Male,2,Women and Children,"So it went from being uncontrolled migration and turned into huge illegal migration. People trafficking organizations linked to drug trafficking used and abused this space to transport more families and the result of it was women and children, children ending up orphaned in one of the worst social disasters that my country can remember. In addition to this we must add the ecological damage caused in a biodiversity reserve, the Darian Gap Reserve and this has still not recovered and this is there's a situation where there's more than a million people transiting across it and since the first day I knew that we needed to resolve this issue individually like I did because we this organization wasn't able to do it and it's for this reason that at the beginning of my term I signed a memorandum of understanding with the government of the United States.",1,Vulnerable / Protection-Oriented,"Marked as Vulnerable / Protection-Oriented because women and children (repeated 'women and children, children') presented as among the orphaned/trafficked victims of a migration crisis.",1,Abstract / Rhetorical Mention,1,Domestic Context,2,Humanitarian & Crisis,PAN
M_54,M_54_0,2026-09-23,Ethiopia,President,1,Male,0,No Mention,,0,No Mention,No mention of women in the speech.,0,No Mention,0,No Mention,0,No Mention,ETH
M_55,M_55_1,2026-09-23,Poland,President,1,Male,1,Women Alone,"We focus on areas critical to sustainable development and building resilience by strengthening entrepreneurship and healthcare. In Palestine, we continue to support the operation of mobile clinics providing medical care in the West Bank and are strengthening employment and professional skills, particularly among women. In Lebanon, Poland is developing the operational capabilities o f the Lebanese Civil Defense units in the area of disaster and natural disaster response.",2,Agent / Actor-Oriented,"Marked as Agent / Actor-Oriented because concrete aid programme (mobile clinics, employment support) strengthening women's skills in Palestine.",3,Policy / Legislative Reform,2,Foreign / Global Crisis Context,4,Economic Development & Labor,POL
M_56,M_56_1,2026-09-23,Namibia,President,2,Female,1,Women Alone,"And that it is such stalemates that erode trust in the United Nations. This fairness and justice should extend to the participation of women in decision making, including in the prevention and resolution of conflicts, post -conflict reconstruction and peace building, in line with UN Security Council Resolution 1325 on Women, P eace and Security. The Women, Peace and Security Agenda has contributed positively to rehabilitation, reconciliation and reintegration efforts in conflict-affected regions, serving as a core framework for stabilising post-conflict situations.",2,Agent / Actor-Oriented,"Marked as Agent / Actor-Oriented because women's participation in decision-making and conflict resolution, citing UNSCR1325.",2,Institutional / Parity Target,3,Dual / Mixed Framing,6,Peacekeeping & WPS Governance,NAM
M_56,M_56_2,2026-09-23,Namibia,President,2,Female,1,Women Alone,"This fairness and justice should extend to the participation of women in decision making, including in the prevention and resolution of conflicts, post -conflict reconstruction and peace building, in line with UN Security Council Resolution 1325 on Women, P eace and Security. The Women, Peace and Security Agenda has contributed positively to rehabilitation, reconciliation and reintegration efforts in conflict-affected regions, serving as a core framework for stabilising post-conflict situations. This is a positive undertaking, which should be emulated by other international and regional organisations and non-governmental organisations that are involved in peace support operations and peacebuilding efforts.",2,Agent / Actor-Oriented,Marked as Agent / Actor-Oriented because WPS Agenda's contribution to post-conflict rehabilitation and reintegration.,2,Institutional / Parity Target,3,Dual / Mixed Framing,6,Peacekeeping & WPS Governance,NAM
M_56,M_56_3,2026-09-23,Namibia,President,2,Female,1,Women Alone,"Namibia stands ready to work with the incoming Secretary General. However, let me point out that, since the establishment of the United Nations in 1945, no woman has served as Secretary General of the organization. The leadership of the Organisation has yet to reflect the principle of gender equality, that it promotes across the international system.",2,Agent / Actor-Oriented,Marked as Agent / Actor-Oriented because statement that no woman has served as Secretary-General since 1945.,1,Abstract / Rhetorical Mention,3,Dual / Mixed Framing,3,Governance & Human Rights,NAM
M_56,M_56_4,2026-09-23,Namibia,President,2,Female,1,Women Alone,"The leadership of the Organisation has yet to reflect the principle of gender equality, that it promotes across the international system. Namibia therefore, believes that it is time that a woman is elected as Secretary General of our Organisation. The United Nations is the only platform through which all nations can collectively advance shared aspirations, achieve common goals and address global challenges.",2,Agent / Actor-Oriented,Marked as Agent / Actor-Oriented because call for a woman to be elected Secretary-General.,1,Abstract / Rhetorical Mention,3,Dual / Mixed Framing,3,Governance & Human Rights,NAM
M_57,M_57_0,2026-09-23,Slovakia,President,1,Male,0,No Mention,,0,No Mention,No mention of women in the speech.,0,No Mention,0,No Mention,0,No Mention,SVK
M_58,M_58_0,2026-09-23,Kenya,President,1,Male,0,No Mention,,0,No Mention,No mention of women in the speech.,0,No Mention,0,No Mention,0,No Mention,KEN
M_59,M_59_0,2026-09-23,Serbia,President,1,Male,0,No Mention,,0,No Mention,No mention of women in the speech.,0,No Mention,0,No Mention,0,No Mention,SRB
M_60,M_60_1,2026-09-23,Mozambique,President,1,Male,1,Women Alone,"Our location in the Indian Ocean, our logistics corridors, and our agricultural, energy, and mineral potential make Mozambique a strategic platform for investment and regional integration. We therefore seek long -term partnerships that build national capacity, promote local content, respect the environment, and generate employment, especially for young people and women. Mozambique will continue to diversify its partnerships in a sovereign, transparent, and mutually beneficial manner, working with all parties in light of national priorities.",2,Agent / Actor-Oriented,Marked as Agent / Actor-Oriented because women named alongside young people as beneficiaries of employment partnerships.,1,Abstract / Rhetorical Mention,1,Domestic Context,4,Economic Development & Labor,MOZ
M_61,M_61_0,2026-09-23,Guinea,President,1,Male,0,No Mention,,0,No Mention,No mention of women in the speech.,0,No Mention,0,No Mention,0,No Mention,GIN
M_62,M_62_0,2026-09-23,Eswatini,Head of State,1,Male,0,No Mention,,0,No Mention,No mention of women in the speech.,0,No Mention,0,No Mention,0,No Mention,SWZ
M_63,M_63_1,2026-09-23,Honduras,President,1,Male,1,Women Alone,"And we, it's not just us saying that international observers bore witness to elections that were flawless in terms of their conduct, flawless despite the challenging context. This was an effort waged by brave men and women and we also enjoyed the support of international democracies who accompanied us in our attempts to rescue and restore our country's greatness. As we began our work we found ourselves faced with a people who never lost their dignity, neither did they lose hope.",2,Agent / Actor-Oriented,Marked as Agent / Actor-Oriented because brave men and women credited for conduct during domestic elections.,1,Abstract / Rhetorical Mention,1,Domestic Context,3,Governance & Human Rights,HND
M_64,M_64_0,2026-09-23,Montenegro,President,1,Male,0,No Mention,,0,No Mention,No mention of women in the speech.,0,No Mention,0,No Mention,0,No Mention,MNE
M_65,M_65_0,2026-09-23,Venezuela (Bolivarian Republic of),Acting President,2,Female,0,No Mention,,0,No Mention,No mention of women in the speech.,0,No Mention,0,No Mention,0,No Mention,VEN
M_66,M_66_0,2026-09-23,Uganda,Vice President,2,Female,0,No Mention,,0,No Mention,No mention of women in the speech.,0,No Mention,0,No Mention,0,No Mention,UGA
M_67,M_67_0,2026-09-23,Rwanda,Prime Minister,1,Male,0,No Mention,,0,No Mention,No mention of women in the speech.,0,No Mention,0,No Mention,0,No Mention,RWA
M_68,M_68_1,2026-09-23,Spain,President,1,Male,1,Women Alone,In this Letter that our ancestors wrote. Men and women who had seen the world burn and who – still – had the courage to imagine a better future. Those men and women left their wisdom and their hope in this letter.,2,Agent / Actor-Oriented,"Marked as Agent / Actor-Oriented because men and women who imagined a better future after war, in a historical UN-founding reference.",1,Abstract / Rhetorical Mention,3,Dual / Mixed Framing,3,Governance & Human Rights,ESP
M_68,M_68_2,2026-09-23,Spain,President,1,Male,1,Women Alone,Men and women who had seen the world burn and who – still – had the courage to imagine a better future. Those men and women left their wisdom and their hope in this letter. And they did NOT ask us to keep it in a display case.,2,Agent / Actor-Oriented,"Marked as Agent / Actor-Oriented because men and women who left their wisdom and hope, continuing the founding-era reference.",1,Abstract / Rhetorical Mention,3,Dual / Mixed Framing,3,Governance & Human Rights,ESP
M_68,M_68_3,2026-09-23,Spain,President,1,Male,1,Women Alone,Nine men have held the General Secretariat of this Organization in its eighty years of life. Now it's a woman's turn. To a Latin American woman.,2,Agent / Actor-Oriented,Marked as Agent / Actor-Oriented because call for a woman's 'turn' to lead the UN.,1,Abstract / Rhetorical Mention,3,Dual / Mixed Framing,3,Governance & Human Rights,ESP
M_68,M_68_4,2026-09-23,Spain,President,1,Male,1,Women Alone,Now it's a woman's turn. To a Latin American woman. Because – ladies and gentlemen – how can an Organization that claims to speak on behalf of all humanity never have had a woman at its head?,2,Agent / Actor-Oriented,Marked as Agent / Actor-Oriented because call for a Latin American woman to lead an organisation claiming to speak for all humanity.,1,Abstract / Rhetorical Mention,3,Dual / Mixed Framing,3,Governance & Human Rights,ESP
M_68,M_68_5,2026-09-23,Spain,President,1,Male,1,Women Alone,"To a Latin American woman. Because – ladies and gentlemen – how can an Organization that claims to speak on behalf of all humanity never have had a woman at its head? How is it going to represent all the continents, if for three decades we have not allowed the third most populated continent to occupy this position?",2,Agent / Actor-Oriented,Marked as Agent / Actor-Oriented because continuation of the representation argument for a woman Secretary-General.,1,Abstract / Rhetorical Mention,3,Dual / Mixed Framing,3,Governance & Human Rights,ESP
M_68,M_68_6,2026-09-23,Spain,President,1,Male,1,Women Alone,The time has come to fulfill the pending half. The time has come for a woman from Latin America to occupy the General Secretary. This is a historical debt that we must pay off.,2,Agent / Actor-Oriented,Marked as Agent / Actor-Oriented because call for a Latin American woman to occupy the post.,1,Abstract / Rhetorical Mention,3,Dual / Mixed Framing,3,Governance & Human Rights,ESP
M_68,M_68_7,2026-09-23,Spain,President,1,Male,1,Women Alone,"This is a historical debt that we must pay off. Today, more than ever, when feminism is being attacked and thousands of women are victims of machismo, violence and xenophobia. And I want to be clear: I'm not saying this because I think women have anything to prove.",1,Vulnerable / Protection-Oriented,"Marked as Vulnerable / Protection-Oriented because thousands of women described as victims of machismo, violence and xenophobia globally.",1,Abstract / Rhetorical Mention,3,Dual / Mixed Framing,3,Governance & Human Rights,ESP
M_68,M_68_8,2026-09-23,Spain,President,1,Male,1,Women Alone,"Today, more than ever, when feminism is being attacked and thousands of women are victims of machismo, violence and xenophobia. And I want to be clear: I'm not saying this because I think women have anything to prove. I say this because it is the world that needs to demonstrate to itself that on the path to equality there is no turning back.",2,Agent / Actor-Oriented,"Marked as Agent / Actor-Oriented because clarifies women have nothing to prove, continuing the equality argument.",1,Abstract / Rhetorical Mention,3,Dual / Mixed Framing,3,Governance & Human Rights,ESP
M_68,M_68_9,2026-09-23,Spain,President,1,Male,1,Women Alone,"I say this because it is the world that needs to demonstrate to itself that on the path to equality there is no turning back. In my country, Spain, women were the first to show that security does not come from strength, but from social progress. They were brave women, like Clara Campoamor, who were the first to defend in Parliament the renunciation of war as a way of relating to the world and the commitment to empathy and peace.",2,Agent / Actor-Oriented,"Marked as Agent / Actor-Oriented because Spanish women credited with showing security comes from social progress, not strength.",1,Abstract / Rhetorical Mention,1,Domestic Context,3,Governance & Human Rights,ESP
M_68,M_68_10,2026-09-23,Spain,President,1,Male,1,Women Alone,"In my country, Spain, women were the first to show that security does not come from strength, but from social progress. They were brave women, like Clara Campoamor, who were the first to defend in Parliament the renunciation of war as a way of relating to the world and the commitment to empathy and peace. I wish that many of the leaders who have risen to this lectern throughout this week had half the courage and lucidity that she had.",2,Agent / Actor-Oriented,Marked as Agent / Actor-Oriented because brave women such as Clara Campoamor credited with a concrete historical legislative act (defending renunciation of war in Parliament).,3,Policy / Legislative Reform,1,Domestic Context,3,Governance & Human Rights,ESP
M_69,M_69_0,2026-09-23,Andorra,Head of Government,1,Male,0,No Mention,,0,No Mention,No mention of women in the speech.,0,No Mention,0,No Mention,0,No Mention,AND
M_70,M_70_1,2026-09-23,Democratic Republic of the Congo,Prime Minister,2,Female,3,Women and Girls,"Territories have been occupied, families dispersed. Women and girls have suffered sexual violence while children are recruited by armed groups or deprived of education. At the same time, the looting of our resources continues to fuel international trade.",1,Vulnerable / Protection-Oriented,"Marked as Vulnerable / Protection-Oriented because women and girls presented as suffering sexual violence in the DRC conflict, alongside child recruitment.",1,Abstract / Rhetorical Mention,1,Domestic Context,1,Conflict & Security,COD
M_71,M_71_1,2026-09-23,Italy,Deputy Prime Minister,1,Male,1,Women Alone,"With this conviction, Italy will continue to advocate for a universal moratorium on the death penalty—a cause rooted in civilization, in the defence of life and human dignity, which we have championed for years here, in this very building. We are also on the front line in defending individual freedom and women’s rights, and in fighting, among other things, the abhorrent practice of female genital mutilation. We must have the courage to say it: too often, this Organization appears powerless.",2,Agent / Actor-Oriented,Marked as Agent / Actor-Oriented because defending women's rights and fighting FGM presented as a rights-based commitment.,1,Abstract / Rhetorical Mention,3,Dual / Mixed Framing,3,Governance & Human Rights,ITA
M_71,M_71_2,2026-09-23,Italy,Deputy Prime Minister,1,Male,1,Women Alone,"We are among the leading contributors to the United Nations budget and among the countries with the largest military presence in international missions. We place our men and women, our resource s and our expertise at the service of peace —in UNIFIL and in every mission in which we participate. To all our men and women in uniform go the gratitude of the Government, our institutions and the Italian people.",2,Agent / Actor-Oriented,Marked as Agent / Actor-Oriented because Italy's men and women placed at the service of peace in a named mission (UNIFIL).,1,Abstract / Rhetorical Mention,2,Foreign / Global Crisis Context,6,Peacekeeping & WPS Governance,ITA
M_71,M_71_3,2026-09-23,Italy,Deputy Prime Minister,1,Male,1,Women Alone,"We place our men and women, our resource s and our expertise at the service of peace —in UNIFIL and in every mission in which we participate. To all our men and women in uniform go the gratitude of the Government, our institutions and the Italian people. Mr President, dear colleagues, My generation was born on a continent that had endured two world wars and then went on to experience the longest period of peace in its history.",2,Agent / Actor-Oriented,Marked as Agent / Actor-Oriented because gratitude expressed to men and women serving in uniform abroad.,1,Abstract / Rhetorical Mention,2,Foreign / Global Crisis Context,6,Peacekeeping & WPS Governance,ITA
M_71,M_71_4,2026-09-23,Italy,Deputy Prime Minister,1,Male,1,Women Alone,"It was a choice —the result of political action. Amid the ruins, men and women decided to pool coal and steel rather than use them to build new guns. From that choice emerged an unprecedented endeavor: a Union founded on common institutions, peace, freedom, democracy, prosperity, human rights and the rule of law.",2,Agent / Actor-Oriented,Marked as Agent / Actor-Oriented because men and women credited with the political choice to found the EU after war.,1,Abstract / Rhetorical Mention,3,Dual / Mixed Framing,3,Governance & Human Rights,ITA
M_72,M_72_1,2026-09-23,Uzbekistan,Head of Administration of the President,2,Female,1,Women Alone,"We have tightened the responsibility for domestic violence. We also rely on this criterion when it comes to women ’s rights and opportunities. Therefore, we have created a separate system to support women’s entrepreneurship.",2,Agent / Actor-Oriented,Marked as Agent / Actor-Oriented because women's rights and opportunities cited as a domestic policy criterion.,1,Abstract / Rhetorical Mention,1,Domestic Context,3,Governance & Human Rights,UZB
M_72,M_72_2,2026-09-23,Uzbekistan,Head of Administration of the President,2,Female,1,Women Alone,"We also rely on this criterion when it comes to women ’s rights and opportunities. Therefore, we have created a separate system to support women’s entrepreneurship. Today, women make 39 percent of our parliament.",2,Agent / Actor-Oriented,Marked as Agent / Actor-Oriented because concrete domestic system created to support women's entrepreneurship.,3,Policy / Legislative Reform,1,Domestic Context,4,Economic Development & Labor,UZB
M_72,M_72_3,2026-09-23,Uzbekistan,Head of Administration of the President,2,Female,1,Women Alone,"Therefore, we have created a separate system to support women’s entrepreneurship. Today, women make 39 percent of our parliament. Esteemed heads of delegations!",2,Agent / Actor-Oriented,Marked as Agent / Actor-Oriented because women's 39% parliamentary representation cited as an institutional benchmark.,2,Institutional / Parity Target,1,Domestic Context,3,Governance & Human Rights,UZB
M_73,M_73_1,2026-09-24,Zimbabwe,President,1,Male,1,Women Alone,"As such, Zimbabwe shall support Africa's silencing the guns agenda and a strong action against terrorism, organized crime, elicit arms flows, and illegal resource trafficking. Finally, women and young people must share peace from the outset. The support of Zimbabwe will also be extended to the women and youth peace and security agendas.",2,Agent / Actor-Oriented,Marked as Agent / Actor-Oriented because women and young people called on to share in peace-building from the outset.,1,Abstract / Rhetorical Mention,3,Dual / Mixed Framing,6,Peacekeeping & WPS Governance,ZWE
M_73,M_73_2,2026-09-24,Zimbabwe,President,1,Male,1,Women Alone,"Finally, women and young people must share peace from the outset. The support of Zimbabwe will also be extended to the women and youth peace and security agendas. The current times demand peacekeeping that is grounded in clear political strategies, realistic mandates and adequate resources. most affected by the decisions of the Security Council should not be the least heard.",2,Agent / Actor-Oriented,Marked as Agent / Actor-Oriented because support extended to the women and youth peace-and-security agendas.,2,Institutional / Parity Target,3,Dual / Mixed Framing,6,Peacekeeping & WPS Governance,ZWE
M_73,M_73_3,2026-09-24,Zimbabwe,President,1,Male,1,Women Alone,"We are directing investment towards rural infrastructure, manufacturing hubs and agro processing facilities. More women and youth continue to end their value chain industries for both our local and regional markets. There's droughts, flowers and declining productivity, threatened water, food and energy security, developed countries are called upon to honor their climate finance commitments in line with common but differentiated responsibilities.",2,Agent / Actor-Oriented,Marked as Agent / Actor-Oriented because women and youth credited with expanding local value-chain industries.,1,Abstract / Rhetorical Mention,1,Domestic Context,4,Economic Development & Labor,ZWE
M_74,M_74_1,2026-09-24,Madagascar,President of the Refoundation of the Republic,1,Male,2,Women and Children,"Faced with the challenges of a constantly changing world, the Re-Foundation Government that I lead places food sovereignty, health and education at the heart of its action. This priority commitment serves the entire population, particularly women and children, providing our youth with the means to build their future with confidence and contribute to national development, with more than 55 percent of its population under the age of Madagascar enjoys a tremendous demographic dividend.",2,Agent / Actor-Oriented,"Marked as Agent / Actor-Oriented because women and children named among beneficiaries of a development priority spanning food sovereignty, health and education.",1,Abstract / Rhetorical Mention,1,Domestic Context,8,Cross-Cutting / Multi-Thematic,MDG
M_75,M_75_1,2026-09-24,Ghana,President,1,Male,2,Women and Children,"True healing requires truth; truth requires acknowledgement; and acknowledgement must lead to meaningful repair. For centuries, this tragedy was rendered in the passive voice as though millions of African men, women, and children vanished into the shadows of time. They did not vanish.",1,Vulnerable / Protection-Oriented,"Marked as Vulnerable / Protection-Oriented because historical reference to African men, women and children erased from the historical record of the slave trade/reparations debate.",1,Abstract / Rhetorical Mention,2,Foreign / Global Crisis Context,3,Governance & Human Rights,GHA
M_75,M_75_2,2026-09-24,Ghana,President,1,Male,1,Women Alone,"Through our flagship 24-Hour Economy and Accelerated Export Development Programme, and the soon-to-be-launched ‘New Ghana, New Economy’ policy, we are transforming Ghana into an industrial, high-productivity hub. We are incentivising round-the-clock commercial operations, driving value addition in agriculture and mining, and creating sustainable, dignified jobs for our vibrant youth and women. Central to our national reset is a revolutionary expansion of social protection and universal healthcare, delivering on the Sustainable Development Goals, specifically SDG 1 (No Poverty), SDG 3 (Good Health and Well-Being), and SDG 10 (Reduced Inequalities).",2,Agent / Actor-Oriented,Marked as Agent / Actor-Oriented because jobs created for youth and women under named economic programmes.,3,Policy / Legislative Reform,1,Domestic Context,4,Economic Development & Labor,GHA
M_76,M_76_1,2026-09-24,Palestine (State of),President,1,Male,2,Women and Children,"However, regretfully, we have not seen any of this materialize on the ground. The Israeli killing and aggression continue to claim the lives of men, women and children in Gaza. Nearly a year has passed since the adoption of Resolution 2803 and the establishment of the Board of Peace. and only one year remains of the designated transitional period before the end of 2027.",1,Vulnerable / Protection-Oriented,"Marked as Vulnerable / Protection-Oriented because men, women and children presented as victims of ongoing Israeli military action in Gaza, described by the Palestinian delegation as domestic territory.",1,Abstract / Rhetorical Mention,1,Domestic Context,1,Conflict & Security,PSE
M_76,M_76_2,2026-09-24,Palestine (State of),President,1,Male,1,Women Alone,"We also continue to reform the education system and develop criteria and curricula in accordance with international standards and in cooperation with UNESCO in a manner that promotes the values of peace, tolerance, and respect for others while preserving our national identity and the rights of our people. We also proceeded along the path of democratic revival and the empowerment of women and youth. We have held local council elections and elections for the general union of Palestinian students.",2,Agent / Actor-Oriented,Marked as Agent / Actor-Oriented because democratic revival and empowerment of women and youth tied to concrete local elections.,2,Institutional / Parity Target,1,Domestic Context,3,Governance & Human Rights,PSE
M_77,M_77_0,2026-09-24,Guyana,President,1,Male,0,No Mention,,0,No Mention,No mention of women in the speech.,0,No Mention,0,No Mention,0,No Mention,GUY
M_78,M_78_1,2026-09-24,Somalia,President,1,Male,1,Women Alone,"Through constitutional reform, we are laying the foundation for universal suffrage, accountable institutions, and a multi-party-political system that allows every Somali citizen to have a voice. We engaged all Somali political leaders, Federal Member states, civil society, women, youth, and the diaspora to take part constructively in our hopeful political transition. Our aim is to become an effective democracy where differences are resolved through dialogue, law, and elections, not violence.",2,Agent / Actor-Oriented,Marked as Agent / Actor-Oriented because women included among groups engaged in Somalia's political transition process.,1,Abstract / Rhetorical Mention,1,Domestic Context,3,Governance & Human Rights,SOM
M_79,M_79_1,2026-09-24,Comoros,President,1,Male,2,Women and Children,"Without these principles, it would be little more than an empty forum Since our last meeting here in September 2025, the genocide in Palestine has continued. Hundreds of thousands of Palestinian civilians, women, children and elderly have lost their lives and entire populations stands on the brink of extermination. The international community will regain its credibility first by taking urgent action to silence the guns to protect civilian lives.",1,Vulnerable / Protection-Oriented,"Marked as Vulnerable / Protection-Oriented because Palestinian women, children and elderly presented as victims nearing extermination.",1,Abstract / Rhetorical Mention,2,Foreign / Global Crisis Context,1,Conflict & Security,COM
M_80,M_80_1,2026-09-24,Liberia,President,1,Male,1,Women Alone,"We must equip our youth with Stem education, digital literacy and technical training so they become co-creators in the global digital economy, not just consumers. Gender equality remains essential when women lead, peace agreements last longer, economies grow faster and governance becomes more accountable. Liberia Liberia remains committed to full political, economic and social equality for women and girls.",2,Agent / Actor-Oriented,"Marked as Agent / Actor-Oriented because gender equality linked to longer-lasting peace, faster economic growth and more accountable governance — three distinct domains.",1,Abstract / Rhetorical Mention,3,Dual / Mixed Framing,8,Cross-Cutting / Multi-Thematic,LBR
M_80,M_80_2,2026-09-24,Liberia,President,1,Male,3,Women and Girls,"Gender equality remains essential when women lead, peace agreements last longer, economies grow faster and governance becomes more accountable. Liberia Liberia remains committed to full political, economic and social equality for women and girls. Liberia welcomes global efforts to govern new technologies, including the Secretary General's Independent International Scientific Panel on Artificial Intelligence.",2,Agent / Actor-Oriented,"Marked as Agent / Actor-Oriented because commitment to full equality for women and girls, domestically.",1,Abstract / Rhetorical Mention,1,Domestic Context,3,Governance & Human Rights,LBR
M_81,M_81_0,2026-09-24,Bolivia (Plurinational State of),Constitutional President,1,Male,0,No Mention,,0,No Mention,No mention of women in the speech.,0,No Mention,0,No Mention,0,No Mention,BOL
M_82,M_82_0,2026-09-24,Hungary,President,1,Male,0,No Mention,,0,No Mention,No mention of women in the speech.,0,No Mention,0,No Mention,0,No Mention,HUN
M_83,M_83_1,2026-09-24,Uruguay,President,1,Male,1,Women Alone,"In this assembly, we reaffirm our enduring willingness to contribute to peacekeeping missions with a deep sense of responsibility and solidarity. Uruguayan men and women can bear witness to the value of this instrument in easing suffering and guaranteeing respect for the human lives of the most defenseless populations. You can continue to count on Uruguay here.",2,Agent / Actor-Oriented,Marked as Agent / Actor-Oriented because Uruguayan men and women peacekeepers credited with easing suffering of defenceless populations abroad.,1,Abstract / Rhetorical Mention,2,Foreign / Global Crisis Context,6,Peacekeeping & WPS Governance,URY
M_84,M_84_1,2026-09-24,European Union,President of the European Council,1,Male,1,Women Alone,"Iran must never be allowed to acquire a nuclear weapon. We hope that in the future the Iranian people will finally be able to live in peace and security, as free men and women. The UN needs an ambitious leader, firmly committed to the principles of the UN Charter and to respect for international law, like António Guterres.",2,Agent / Actor-Oriented,"Marked as Agent / Actor-Oriented because hope that the Iranian people, including women, can live freely.",1,Abstract / Rhetorical Mention,2,Foreign / Global Crisis Context,3,Governance & Human Rights,
M_85,M_85_0,2026-09-24,Equatorial Guinea,Vice President,1,Male,0,No Mention,,0,No Mention,No mention of women in the speech.,0,No Mention,0,No Mention,0,No Mention,GNQ
M_86,M_86_1,2026-09-24,Gambia (Republic of The),Vice President,1,Male,1,Women Alone,"We therefore welcome the Secretary-General’s continued good offices and preventive diplomacy and call for these efforts to be matched with predictable and sustained resources. President, Peace must be built and nurtured through institutions that command public confidence, societies in which trust can be restored and justice pursued, and a future in which women and young people have a meaningful voice and economic opportunity is within reach. The Gambia has experienced the value of peacebuilding firsthand.",2,Agent / Actor-Oriented,Marked as Agent / Actor-Oriented because women and young people named as needing a meaningful voice and economic opportunity in peacebuilding.,1,Abstract / Rhetorical Mention,1,Domestic Context,3,Governance & Human Rights,GMB
M_86,M_86_2,2026-09-24,Gambia (Republic of The),Vice President,1,Male,1,Women Alone,"The implementation of the outcomes of the Peacebuilding Architecture Review must translate into stronger prevention, greater national ownership and closer coordination across the United Nations system. We also reaffirm our support for United Nations peacekeeping operations and pay tribute to the men and women who serve under the UN flag, including Gambian military and police personnel who have contributed with distinction to international peace and security. Their safety and security must remain a priority, alongside performance, accountability and strict adherence to international law.",2,Agent / Actor-Oriented,"Marked as Agent / Actor-Oriented because tribute to men and women serving under the UN flag, including Gambian personnel abroad.",1,Abstract / Rhetorical Mention,2,Foreign / Global Crisis Context,6,Peacekeeping & WPS Governance,GMB
M_86,M_86_3,2026-09-24,Gambia (Republic of The),Vice President,1,Male,1,Women Alone,"We are investing in roads, energy, schools, healthcare, agriculture and digital infrastructure, while promoting economic diversification, private-sector investment and value addition. We are expanding opportunities for women and young people, improving lives and strengthening the human capital upon which our future depends. I seize this opportunity to thank all the bilateral and multilateral partners of The Gambia for your continuous support and partnership.",2,Agent / Actor-Oriented,Marked as Agent / Actor-Oriented because concrete infrastructure/economic investments expanding opportunities for women and young people.,3,Policy / Legislative Reform,1,Domestic Context,4,Economic Development & Labor,GMB
M_86,M_86_4,2026-09-24,Gambia (Republic of The),Vice President,1,Male,1,Women Alone,"Yet irregular migration continues to expos e young people and vulnerable populations to exploitation, trafficking, abuse and tragic loss of life. We must strengthen cooperation for safe, orderly and regular migration, protect the rights and dignity of migrants and expand lawful pathways for labour mobility as well as investment in young people, women, education, health and social protection to safeguard sustainable development and lasting peace. With Africa having the world's youngest population, youth employment must remain a development priority.",3,Dual / Mixed Framing,"Marked as Dual / Mixed Framing because investment in women among young people, alongside migrant protection, spanning education, health and social-protection domains.",1,Abstract / Rhetorical Mention,2,Foreign / Global Crisis Context,8,Cross-Cutting / Multi-Thematic,GMB
M_86,M_86_5,2026-09-24,Gambia (Republic of The),Vice President,1,Male,1,Women Alone,"Young people must also have a meaningful voice in the decisions that shape their future. The same is true of women's empowerment, which is essential to peaceful, inclusive and prosperous societies. The Gambia remains committed to expanding women's economic opportunities, strengthening women's leadership and addressing the barriers that limit their meaningful participation in political and public life.",2,Agent / Actor-Oriented,"Marked as Agent / Actor-Oriented because women's empowerment described as essential to peaceful, inclusive, prosperous societies.",1,Abstract / Rhetorical Mention,1,Domestic Context,4,Economic Development & Labor,GMB
M_86,M_86_6,2026-09-24,Gambia (Republic of The),Vice President,1,Male,1,Women Alone,"The same is true of women's empowerment, which is essential to peaceful, inclusive and prosperous societies. The Gambia remains committed to expanding women's economic opportunities, strengthening women's leadership and addressing the barriers that limit their meaningful participation in political and public life. We are also strengthening support for women entrepreneurs, survivors of gender -based violence and vulnerable households.",2,Agent / Actor-Oriented,Marked as Agent / Actor-Oriented because concrete commitment to expand women's economic opportunities and leadership.,3,Policy / Legislative Reform,1,Domestic Context,4,Economic Development & Labor,GMB
M_86,M_86_7,2026-09-24,Gambia (Republic of The),Vice President,1,Male,1,Women Alone,"The Gambia remains committed to expanding women's economic opportunities, strengthening women's leadership and addressing the barriers that limit their meaningful participation in political and public life. We are also strengthening support for women entrepreneurs, survivors of gender -based violence and vulnerable households. Ensuring food security, building strengthened and resilient health systems, and pandemic preparedness remain equally urgent.",3,Dual / Mixed Framing,Marked as Dual / Mixed Framing because support for women entrepreneurs (agency) alongside survivors of gender-based violence (vulnerability) and vulnerable households.,3,Policy / Legislative Reform,1,Domestic Context,4,Economic Development & Labor,GMB
M_87,M_87_1,2026-09-24,Colombia,Vice President,1,Male,1,Women Alone,"It is a rural farmer in Ubaté Cundinamarca who can now so sell and prosper thanks to his work. A young woman in Pasto, Narino, preparing to be a part of the future industries This is the miracle nation that we've already started to build. I'm well aware that 47 days is far too little time to change a country, but it is enough time to change the course of a country.",2,Agent / Actor-Oriented,Marked as Agent / Actor-Oriented because a young woman in a Colombian town presented as part of the country's future industries.,1,Abstract / Rhetorical Mention,1,Domestic Context,4,Economic Development & Labor,COL
M_88,M_88_1,2026-09-24,Israel,Prime Minister,1,Male,2,Women and Children,"They took it to Entebbe, Uganda. Like the Nazis, the terrorists selected the Jewish passengers men, women, children, babies. They threatened to kill them all if Israel did not release Palestinian terrorists.",1,Vulnerable / Protection-Oriented,"Marked as Vulnerable / Protection-Oriented because men, women, children and babies presented as hijacking victims (Entebbe, historical).",1,Abstract / Rhetorical Mention,2,Foreign / Global Crisis Context,1,Conflict & Security,ISR
M_88,M_88_2,2026-09-24,Israel,Prime Minister,1,Male,1,Women Alone,"They beheaded our men. They brutally raped our women, and then they murdered them. They slaughtered 1200 Israelis that day.",1,Vulnerable / Protection-Oriented,Marked as Vulnerable / Protection-Oriented because Israeli women presented as victims of rape during the October 7 attack.,1,Abstract / Rhetorical Mention,1,Domestic Context,1,Conflict & Security,ISR
M_88,M_88_3,2026-09-24,Israel,Prime Minister,1,Male,1,Women Alone,"Thousands of attempts per year on families, peaceful families driving along the roads. They shoot at pregnant women. They shoot entire families.",1,Vulnerable / Protection-Oriented,Marked as Vulnerable / Protection-Oriented because pregnant women presented as targets of attacks on families.,1,Abstract / Rhetorical Mention,1,Domestic Context,1,Conflict & Security,ISR
M_89,M_89_0,2026-09-24,Portugal,Prime Minister,1,Male,0,No Mention,,0,No Mention,No mention of women in the speech.,0,No Mention,0,No Mention,0,No Mention,PRT
M_90,M_90_0,2026-09-24,Senegal,President,1,Male,0,No Mention,,0,No Mention,No mention of women in the speech.,0,No Mention,0,No Mention,0,No Mention,SEN
M_91,M_91_0,2026-09-24,Fiji,President,1,Male,0,No Mention,,0,No Mention,No mention of women in the speech.,0,No Mention,0,No Mention,0,No Mention,FJI
M_92,M_92_0,2026-09-24,Côte d’Ivoire,Vice President,1,Male,0,No Mention,,0,No Mention,No mention of women in the speech.,0,No Mention,0,No Mention,0,No Mention,CIV
M_93,M_93_0,2026-09-24,Nigeria,Vice President,1,Male,0,No Mention,,0,No Mention,No mention of women in the speech.,0,No Mention,0,No Mention,0,No Mention,NGA
M_94,M_94_1,2026-09-24,Yemen,Vice President,1,Male,1,Women Alone,"This great nation, with its rich history, civilization, and human heritage, has been enduring for 12 years. The consequences of the coup carried out by the terrorist Houthi militia against the state and its institutions. 12 years. 12 years marked by war, displacement, poverty, recruitment of children, terrorizing of women, laying of mines, confiscation of rights, freedoms and public resources. Ladies and gentlemen, the government of Yemen has engaged responsibly in positively, with all international and regional initiatives and has made significant concessions in pursuit of peace and an end to the suffering of the Yemeni people.",1,Vulnerable / Protection-Oriented,"Marked as Vulnerable / Protection-Oriented because terrorizing of women listed among the effects of 12 years of war, displacement, poverty and mine-laying — four domains.",1,Abstract / Rhetorical Mention,1,Domestic Context,8,Cross-Cutting / Multi-Thematic,YEM
M_94,M_94_2,2026-09-24,Yemen,Vice President,1,Male,1,Women Alone,"The international community can find in the Yemeni government a reliable partner. We speak not only of what women Yemen needs from the world, but also of what Yemen can contribute to the world once it regains its security and its stability. Ladies and gentlemen, we express our deep appreciation to the brotherly kingdom of Saudi Arabia for its unwavering support for Yemen, its people and its government, and for the kingdom's comprehensive support to the state and its institutions.",1,Vulnerable / Protection-Oriented,"Marked as Vulnerable / Protection-Oriented because what Yemeni women need from the world, framed around humanitarian need.",1,Abstract / Rhetorical Mention,1,Domestic Context,2,Humanitarian & Crisis,YEM
M_95,M_95_1,2026-09-24,Kuwait,Crown Prince,1,Male,1,Women Alone,"This stems from a belief that addressing the root causes of crises is not limited to security measures, but requires supporting development, providing the foundations for a life of dignity, and building more resilient and stable societies. At the national level, Kuwait is confidently progressing towards its Kuwait Vision 2035 by accelerating the implementation of development projects, diversifying its economy and sources of income, continuing its digital transformation, empowering women and youth, developing its legislation and consolidating governance and transparency. These efforts should enhance the efficiency of institutions and the competitiveness of the economy, and will establish Kuwait as a leading financial, commercial and control centre in the region.",2,Agent / Actor-Oriented,Marked as Agent / Actor-Oriented because empowering women and youth under a concrete national vision (Kuwait Vision 2035).,3,Policy / Legislative Reform,1,Domestic Context,4,Economic Development & Labor,KWT
M_96,M_96_0,2026-09-24,Barbados,Prime Minister,2,Female,0,No Mention,,0,No Mention,No mention of women in the speech.,0,No Mention,0,No Mention,0,No Mention,BRB
M_97,M_97_0,2026-09-24,Armenia,Prime Minister,1,Male,0,No Mention,,0,No Mention,No mention of women in the speech.,0,No Mention,0,No Mention,0,No Mention,ARM
M_98,M_98_1,2026-09-24,Thailand,Prime Minister,1,Male,1,Women Alone,"Asia, too, must be better represented. For all its economic weight, Asia must be able to help shape global decisions and carry more responsibility for the outcomes And representation must also mean that women have a meaningful voice in the decisions that shape our common future. They are already at the forefront of this organisation's work, from development to peacekeeping.",2,Agent / Actor-Oriented,Marked as Agent / Actor-Oriented because women's meaningful voice in global decision-making linked to fairer regional representation.,1,Abstract / Rhetorical Mention,3,Dual / Mixed Framing,3,Governance & Human Rights,THA
M_99,M_99_0,2026-09-24,Georgia,Prime Minister,1,Male,0,No Mention,,0,No Mention,No mention of women in the speech.,0,No Mention,0,No Mention,0,No Mention,GEO
M_100,M_100_1,2026-09-24,Bangladesh,Prime Minister,1,Male,1,Women Alone,"As a consistent contributor to United Nations peacekeeping missions, Bangladeshi peacekeepers are serving humanity in different parts of the world. The courageous participation of Bangladeshi women in peacekeeping missions, even under adverse circumstances, reflects our strong commitment to advancing the agenda of “Women, Peace and Security”. This year, Bangladesh is observing the 40 th anniversary of the Declaration on the Right to Development and the 25 th anniversary of the Durban Declaration and Programme of Action.",2,Agent / Actor-Oriented,Marked as Agent / Actor-Oriented because Bangladeshi women peacekeepers' participation linked explicitly to the WPS agenda.,2,Institutional / Parity Target,2,Foreign / Global Crisis Context,6,Peacekeeping & WPS Governance,BGD
M_100,M_100_2,2026-09-24,Bangladesh,Prime Minister,1,Male,1,Women Alone,"Mr President, More than half of the country's population is female. Therefore, women are at the forefront of all government plans for socio-economic transformation. The government is giving priority to women's education, women's employment and the creation of women entrepreneurs.",2,Agent / Actor-Oriented,Marked as Agent / Actor-Oriented because women placed at the forefront of government socio-economic transformation plans.,1,Abstract / Rhetorical Mention,1,Domestic Context,4,Economic Development & Labor,BGD
M_100,M_100_3,2026-09-24,Bangladesh,Prime Minister,1,Male,1,Women Alone,"Therefore, women are at the forefront of all government plans for socio-economic transformation. The government is giving priority to women's education, women's employment and the creation of women entrepreneurs. To promote women entrepreneurship, particularly in the small and medium -sized industrial sector, the Government has expanded opportunities for cash financing for women.",2,Agent / Actor-Oriented,"Marked as Agent / Actor-Oriented because concrete government priorities on women's education, employment and entrepreneurship.",3,Policy / Legislative Reform,1,Domestic Context,4,Economic Development & Labor,BGD
M_100,M_100_4,2026-09-24,Bangladesh,Prime Minister,1,Male,1,Women Alone,"The government is giving priority to women's education, women's employment and the creation of women entrepreneurs. To promote women entrepreneurship, particularly in the small and medium -sized industrial sector, the Government has expanded opportunities for cash financing for women. Free education opportunities up to the undergraduate level have been opened to women.",2,Agent / Actor-Oriented,Marked as Agent / Actor-Oriented because concrete cash-financing scheme to support women's entrepreneurship.,3,Policy / Legislative Reform,1,Domestic Context,4,Economic Development & Labor,BGD
M_100,M_100_5,2026-09-24,Bangladesh,Prime Minister,1,Male,1,Women Alone,"To promote women entrepreneurship, particularly in the small and medium -sized industrial sector, the Government has expanded opportunities for cash financing for women. Free education opportunities up to the undergraduate level have been opened to women. The government seeks to ensure not only electoral democracy but also the democratisation of the economy, so that the benefits of economic growth and prosperity reach every family and every citizen.",2,Agent / Actor-Oriented,Marked as Agent / Actor-Oriented because concrete free-education policy extended to women.,3,Policy / Legislative Reform,1,Domestic Context,4,Economic Development & Labor,BGD
M_100,M_100_6,2026-09-24,Bangladesh,Prime Minister,1,Male,1,Women Alone,"To achieve this goal, the government has already launched assistance programmes for economically disadvantaged people through various social protection programmes, including the Family Card, Farmers’ Card, Sports Card and e -Health Card. The government considers the Family Card, issued in the name of the female head of each household, a symbol of women's economic empowerment. It is also in the government's plans to introduce a Universal Card by integrating the various cards introduced to provide support in different sectors.",2,Agent / Actor-Oriented,Marked as Agent / Actor-Oriented because a named social-protection card described as a symbol of women's economic empowerment.,3,Policy / Legislative Reform,1,Domestic Context,4,Economic Development & Labor,BGD
M_100,M_100_7,2026-09-24,Bangladesh,Prime Minister,1,Male,1,Women Alone,"In today's democratic Bangladesh, we welcome partnership, innovation, and both domestic and foreign investment. We want to build a Bangladesh where young people can pursue their dreams without fear or hindrance; where women can lead their lives with confidence; where every child grows up with the opportunity to realise their full potential; and, above all, where people are assured of a safe and peaceful life. That is why we say: “Bangladesh First — Bangladesh for All.”",2,Agent / Actor-Oriented,"Marked as Agent / Actor-Oriented because vision of women leading their lives with confidence, part of a national aspiration statement.",1,Abstract / Rhetorical Mention,1,Domestic Context,3,Governance & Human Rights,BGD
M_101,M_101_1,2026-09-24,Netherlands (Kingdom of the),Prime Minister,1,Male,1,Women Alone,"You are leaving the UN at a turbulent time. But we can all take pride in the fact that, as we speak, more than 150 thousand men and women are serving under the blue flag. Giving vaccinations, providing food aid and serving in peace missions.",2,Agent / Actor-Oriented,"Marked as Agent / Actor-Oriented because 150,000 men and women described as serving under the UN flag in peacekeeping.",1,Abstract / Rhetorical Mention,2,Foreign / Global Crisis Context,6,Peacekeeping & WPS Governance,NLD
M_102,M_102_1,2026-09-24,Slovenia,Prime Minister,1,Male,2,Women and Children,"At least 53 million innocent people lost their lives. Behind these numbers are concrete men and women, as well as children. They had a future, but they were not allowed to live that future.",1,Vulnerable / Protection-Oriented,"Marked as Vulnerable / Protection-Oriented because concrete men and women among WWII victims (53 million dead), a historical remembrance context.",1,Abstract / Rhetorical Mention,2,Foreign / Global Crisis Context,1,Conflict & Security,SVN
M_103,M_103_0,2026-09-24,Greece,Prime Minister,1,Male,0,No Mention,,0,No Mention,No mention of women in the speech.,0,No Mention,0,No Mention,0,No Mention,GRC
M_104,M_104_0,2026-09-24,Australia,Prime Minister,1,Male,0,No Mention,,0,No Mention,No mention of women in the speech.,0,No Mention,0,No Mention,0,No Mention,AUS
M_105,M_105_1,2026-09-24,Ireland,Taoiseach,1,Male,1,Women Alone,"President, The denial of the fundamental human rights of millions of people around the world remains one of the defining challenges of our time. Renewed pressure on women's rights and gender equality is putting hard-won progress at risk. Women and girls are being told that their ambitions, their education, their voices and their very presence in public life are unacceptable.",2,Agent / Actor-Oriented,Marked as Agent / Actor-Oriented because pressure on women's rights and gender equality described as a global rights-erosion trend.,1,Abstract / Rhetorical Mention,3,Dual / Mixed Framing,3,Governance & Human Rights,IRL
M_105,M_105_2,2026-09-24,Ireland,Taoiseach,1,Male,3,Women and Girls,"Renewed pressure on women's rights and gender equality is putting hard-won progress at risk. Women and girls are being told that their ambitions, their education, their voices and their very presence in public life are unacceptable. The situation in Afghanistan is one of the clearest examples.",1,Vulnerable / Protection-Oriented,Marked as Vulnerable / Protection-Oriented because women and girls in Afghanistan told their ambitions and presence in public life are unacceptable.,1,Abstract / Rhetorical Mention,2,Foreign / Global Crisis Context,3,Governance & Human Rights,IRL
M_105,M_105_3,2026-09-24,Ireland,Taoiseach,1,Male,3,Women and Girls,"The situation in Afghanistan is one of the clearest examples. The systematic exclusion of women and girls from education, employment and public life is not something that the international community can simply observe from a distance. It is a profound human rights crisis.",1,Vulnerable / Protection-Oriented,"Marked as Vulnerable / Protection-Oriented because systematic exclusion of women and girls from education, employment and public life in Afghanistan.",1,Abstract / Rhetorical Mention,2,Foreign / Global Crisis Context,3,Governance & Human Rights,IRL
M_105,M_105_4,2026-09-24,Ireland,Taoiseach,1,Male,1,Women Alone,"Girls are being denied the education that should shape their futures. Women are being denied the ability to work, to participate fully in society and to contribute to the economic and social life of their country. Their freedoms are being progressively erased.",1,Vulnerable / Protection-Oriented,Marked as Vulnerable / Protection-Oriented because women denied the ability to work and participate economically/socially in Afghanistan.,1,Abstract / Rhetorical Mention,2,Foreign / Global Crisis Context,4,Economic Development & Labor,IRL
M_105,M_105_5,2026-09-24,Ireland,Taoiseach,1,Male,1,Women Alone,We must not allow the absence of headlines to become an absence of action. The women of Afghanistan have not disappeared. And neither should our solidarity.,2,Agent / Actor-Oriented,Marked as Agent / Actor-Oriented because the women of Afghanistan 'have not disappeared' — a solidarity/agency framing.,1,Abstract / Rhetorical Mention,2,Foreign / Global Crisis Context,3,Governance & Human Rights,IRL
M_105,M_105_6,2026-09-24,Ireland,Taoiseach,1,Male,3,Women and Girls,"The same is true elsewhere. Across the world, women and girls face conflict-related sexual violence, forced displacement, trafficking and discrimination. Across the world, LGBTQI+ people face growing threats to their rights, safety and dignity.",1,Vulnerable / Protection-Oriented,"Marked as Vulnerable / Protection-Oriented because women and girls facing conflict-related sexual violence, displacement, trafficking and discrimination worldwide — multiple domains.",1,Abstract / Rhetorical Mention,3,Dual / Mixed Framing,8,Cross-Cutting / Multi-Thematic,IRL
M_106,M_106_0,2026-09-24,Nepal,Prime Minister,1,Male,0,No Mention,,0,No Mention,No mention of women in the speech.,0,No Mention,0,No Mention,0,No Mention,NPL
M_107,M_107_1,2026-09-24,Austria,Federal Minister for European and International Affairs,2,Female,1,Women Alone,"Every rule and reform I have spoken about serves one purpose: peace. During our Security Council term, Austria will make emerging technologies, the protection of civilians, children in armed conflict, and women’s full participation in peace processes priorities. Children must never be treated as collateral damage.",2,Agent / Actor-Oriented,Marked as Agent / Actor-Oriented because women's full participation in peace processes named as an Austrian Security Council priority.,2,Institutional / Parity Target,3,Dual / Mixed Framing,6,Peacekeeping & WPS Governance,AUT
M_107,M_107_2,2026-09-24,Austria,Federal Minister for European and International Affairs,2,Female,1,Women Alone,"Children must never be treated as collateral damage. Women must have a real voice at the negotiating table, as leaders and peacebuilders, not as an afterthought. Peace also requires dialogue.",2,Agent / Actor-Oriented,"Marked as Agent / Actor-Oriented because call for women to have a real voice at the negotiating table, as leaders and peacebuilders.",1,Abstract / Rhetorical Mention,3,Dual / Mixed Framing,6,Peacekeeping & WPS Governance,AUT
M_108,M_108_0,2026-09-24,South Africa,Minister for International Relations and Cooperation,1,Male,0,No Mention,,0,No Mention,No mention of women in the speech.,0,No Mention,0,No Mention,0,No Mention,ZAF
M_109,M_109_1,2026-09-25,Kiribati,President,1,Male,1,Women Alone,"A healthy and educated population is the foundation upon which every other national priority rests. President, We cannot speak about development without speaking about women and youth. Kiribati remains committed to gender equality and empowering women and girls.",2,Agent / Actor-Oriented,Marked as Agent / Actor-Oriented because development framed as requiring attention to women and youth.,1,Abstract / Rhetorical Mention,1,Domestic Context,4,Economic Development & Labor,KIR
M_109,M_109_2,2026-09-25,Kiribati,President,1,Male,3,Women and Girls,"President, We cannot speak about development without speaking about women and youth. Kiribati remains committed to gender equality and empowering women and girls. Our election earlier this year to the Commission on the Status of Women—the first time Kiribati has secured a seat on this UN body —is a significant milestone, reflecting our determination to advance women’s rights nationally and globally.",2,Agent / Actor-Oriented,"Marked as Agent / Actor-Oriented because commitment to gender equality and empowering women and girls, domestically.",1,Abstract / Rhetorical Mention,1,Domestic Context,3,Governance & Human Rights,KIR
M_109,M_109_3,2026-09-25,Kiribati,President,1,Male,1,Women Alone,"Kiribati remains committed to gender equality and empowering women and girls. Our election earlier this year to the Commission on the Status of Women—the first time Kiribati has secured a seat on this UN body —is a significant milestone, reflecting our determination to advance women’s rights nationally and globally. We will expand opportunities, prevent violence, and promote women’s economic empowerment and leadership.",2,Agent / Actor-Oriented,Marked as Agent / Actor-Oriented because election to the Commission on the Status of Women cited as an institutional milestone.,2,Institutional / Parity Target,3,Dual / Mixed Framing,3,Governance & Human Rights,KIR
M_109,M_109_4,2026-09-25,Kiribati,President,1,Male,1,Women Alone,"Our election earlier this year to the Commission on the Status of Women—the first time Kiribati has secured a seat on this UN body —is a significant milestone, reflecting our determination to advance women’s rights nationally and globally. We will expand opportunities, prevent violence, and promote women’s economic empowerment and leadership. Our youth, meanwhile, represent not simply the future of Kiribati.",3,Dual / Mixed Framing,"Marked as Dual / Mixed Framing because expanding opportunities and preventing violence (vulnerability) alongside promoting economic empowerment and leadership (agency), via concrete commitments.",3,Policy / Legislative Reform,1,Domestic Context,4,Economic Development & Labor,KIR
M_110,M_110_1,2026-09-25,Maldives,Vice President,1,Male,1,Women Alone,"For more than eight decades, every Secretary-General has been a man. It is time for a woman to lead this Organisation. A leader who will defend the Charter, without exception.",2,Agent / Actor-Oriented,Marked as Agent / Actor-Oriented because call for a woman to lead the UN after more than eight decades.,1,Abstract / Rhetorical Mention,3,Dual / Mixed Framing,3,Governance & Human Rights,MDV
M_111,M_111_1,2026-09-25,Iraq,Prime Minister,1,Male,1,Women Alone,"Through education, the diversification of employment opportunities, support for entrepreneurship, and the advancement of digital economy. At the same time, we remain committed in accordance with the Constitution to protecting human rights and freedoms, promoting women's participation ensuring child welfare, and preserving the ethnic, religious and cultural diversity of our country. We confidently call upon you to engage more openly with Iraq.",2,Agent / Actor-Oriented,"Marked as Agent / Actor-Oriented because women's participation in national decision-making and welfare promotion, within a constitutional commitment.",1,Abstract / Rhetorical Mention,1,Domestic Context,3,Governance & Human Rights,IRQ
M_112,M_112_0,2026-09-25,Lebanon,President of the Council of Ministers,1,Male,0,No Mention,,0,No Mention,No mention of women in the speech.,0,No Mention,0,No Mention,0,No Mention,LBN
M_113,M_113_1,2026-09-25,Monaco,Minister of State,1,Male,3,Women and Girls,"Here again, only negotiations can lead to a global agreement on the Iranian nuclear program and will prevent further escalation above and beyond these crises, Monaco will continue to contribute to international cooperation focused on the least developed countries through its support to the International Committee for the Red cross. The High Commissioner for refugees and the World Food Programme, through development Aid geared towards the health, education and empowerment of women and girls. Restoring trust also means changing the organisation itself.",2,Agent / Actor-Oriented,"Marked as Agent / Actor-Oriented because development aid for health, education and empowerment of women and girls abroad, spanning multiple domains.",3,Policy / Legislative Reform,2,Foreign / Global Crisis Context,8,Cross-Cutting / Multi-Thematic,MCO
M_113,M_113_2,2026-09-25,Monaco,Minister of State,1,Male,1,Women Alone,"Monaco calls for a transparent, inclusive and rigorous process. After 80 years, the Principality hopes that women candidates will be seriously considered. The organisation would do well to demonstrate at its helm the equality for which it stands.",2,Agent / Actor-Oriented,Marked as Agent / Actor-Oriented because hope that women candidates for Secretary-General will be seriously considered.,1,Abstract / Rhetorical Mention,3,Dual / Mixed Framing,3,Governance & Human Rights,MCO
M_114,M_114_0,2026-09-25,Marshall Islands,President,2,Female,0,No Mention,,0,No Mention,No mention of women in the speech.,0,No Mention,0,No Mention,0,No Mention,MHL
M_115,M_115_0,2026-09-25,Malta,Prime Minister,1,Male,0,No Mention,,0,No Mention,No mention of women in the speech.,0,No Mention,0,No Mention,0,No Mention,MLT
M_116,M_116_1,2026-09-25,Lesotho,Prime Minister,1,Male,1,Women Alone,"The Fund seeks to attract investment to build new energy generation capacity, unlock energy independence and lay a new foundation for national prosperity that benefits every Mosotho. We therefore call for partnerships to mobilise the requisite resources for clean energy projects, which can create significant employment opportunities for our youth and women. Our unique topography also presents opportunities for investment in data centres, which underpin the global digital economy.",2,Agent / Actor-Oriented,Marked as Agent / Actor-Oriented because employment opportunities for youth and women tied to a clean-energy partnership.,1,Abstract / Rhetorical Mention,1,Domestic Context,4,Economic Development & Labor,LSO
M_117,M_117_0,2026-09-25,Tuvalu,Prime Minister,1,Male,0,No Mention,,0,No Mention,No mention of women in the speech.,0,No Mention,0,No Mention,0,No Mention,TUV
M_118,M_118_0,2026-09-25,North Macedonia,President of the Government,1,Male,0,No Mention,,0,No Mention,No mention of women in the speech.,0,No Mention,0,No Mention,0,No Mention,MKD
M_119,M_119_1,2026-09-25,Solomon Islands,Prime Minister,1,Male,1,Women Alone,"As negotiations resume in Bangkok, Solomon Islands calls for an ambitious, legally binding treaty that addresses the full life cycle of plastics, from production to disposal. Youth, Women and Persons with Disabilities Mr. President, Our people are our greatest asset.",0,No Mention,"No qualitative framing present; header fragment only ('Youth, Women and Persons with Disabilities'); no qualitative framing present",0,No Mention,0,No Mention,0,No Mention,SLB
M_119,M_119_2,2026-09-25,Solomon Islands,Prime Minister,1,Male,2,Women and Children,"President, Our people are our greatest asset. With more than half of our population under the age of 25, my government is prioritizing legal frameworks that empower young people, advance gender equality, and strengthen the protection of women and children against domestic violence. We welcome global progress in advancing the rights and full participation of women and persons with disabilities in the economy, and Solomon Islands is committed to accelerating that progress at home.",1,Vulnerable / Protection-Oriented,Marked as Vulnerable / Protection-Oriented because concrete legal framework to protect women and children from domestic violence.,3,Policy / Legislative Reform,1,Domestic Context,3,Governance & Human Rights,SLB
M_119,M_119_3,2026-09-25,Solomon Islands,Prime Minister,1,Male,1,Women Alone,"With more than half of our population under the age of 25, my government is prioritizing legal frameworks that empower young people, advance gender equality, and strengthen the protection of women and children against domestic violence. We welcome global progress in advancing the rights and full participation of women and persons with disabilities in the economy, and Solomon Islands is committed to accelerating that progress at home. There can be no sustainable development without equal opportunity for all.",2,Agent / Actor-Oriented,Marked as Agent / Actor-Oriented because full participation of women and persons with disabilities in the economy welcomed as global progress.,1,Abstract / Rhetorical Mention,1,Domestic Context,4,Economic Development & Labor,SLB
M_119,M_119_4,2026-09-25,Solomon Islands,Prime Minister,1,Male,1,Women Alone,"But institutions do not have hearts; people do. Charters do not keep the peace; the men and women who honour them do. Beyond every declaration and commitment, each of us carries a profound responsibility: to be agents of peace, champions of goodwill, and keepers of the fragile bonds of friendship among nations.",2,Agent / Actor-Oriented,Marked as Agent / Actor-Oriented because men and women credited with upholding institutional charters and peace.,1,Abstract / Rhetorical Mention,3,Dual / Mixed Framing,3,Governance & Human Rights,SLB
M_120,M_120_1,2026-09-25,Saint Lucia,Prime Minister,1,Male,1,Women Alone,"We are reducing youth unemployment through the creation of the successful Youth Economy Agency. We are encouraging t he spirit of entrepreneurship by supporting small and micro enterprises, especially women -owned businesses. We are promoting healthy lifestyles and universal healthcare for the provision of equitable, accessible and affordable healthcare for our citizens.",2,Agent / Actor-Oriented,Marked as Agent / Actor-Oriented because concrete support for women-owned small businesses under a national entrepreneurship programme.,3,Policy / Legislative Reform,1,Domestic Context,4,Economic Development & Labor,LCA
M_121,M_121_0,2026-09-25,Albania,Prime Minister,1,Male,0,No Mention,,0,No Mention,No mention of women in the speech.,0,No Mention,0,No Mention,0,No Mention,ALB
M_122,M_122_1,2026-09-25,Pakistan,Prime Minister,1,Male,2,Women and Children,"President,  Another foundation of stability in South Asia is now under strain.  The shared waters of the Indus River system are the lifeblood, not only for the people of Pakistan, but for the entire region.  India’s unilateral decision, to hold the existing Treaty in abeyance has no legal basis whatsoever.  In fact, both its claims and actions have been rejected by UN experts and, more recently, by the Court of Arbitration.  Our legitimate stand that the Treaty remains valid, binding, and fully operative- has been vindicated!  Water must never be weaponized.  Rivers should nourish nations —  not divide them.  Therefore, any attempt to stop, impede, or divert Pakistan’s share of the waters will be treated as an act of war.  India must, make no mistake about it. President,  For generations, Palestinians — particularly women, children and the elderly — have been subjected to occupation, eviction, suffering and death.  Last year, I had shared with you, the heart-wrenching story of Hind Rajab.  An innocent Palestinian girl who was brutally shot by Israeli soldiers.  This year, another tragedy weighs heavy on the heart.  This time, it is the deafening cries of the sobbing mother of eight-year-old Wafaa Akila, who embraced martyrdom in this senseless aggression.  What should have been the first day of her school,  Alas, became the last day of her life. President  Does not a child born in Gaza deserve the same life, and the same future, as a child anywhere else in the world.  The tragedies of Hind Rajab, Wafaa Akila, and countless others will echo through history —  As an indictment, of our collective silence and inaction!",1,Vulnerable / Protection-Oriented,"Marked as Vulnerable / Protection-Oriented because Palestinian women, children and the elderly presented as long-subjected to occupation, eviction and suffering.",1,Abstract / Rhetorical Mention,2,Foreign / Global Crisis Context,2,Humanitarian & Crisis,PAK
M_122,M_122_2,2026-09-25,Pakistan,Prime Minister,1,Male,3,Women and Girls,"Excellencies,  It is deeply worrying, that Israeli violence, has now spread to the West Bank, where the forcible eviction of Palestinians, clearly reflects Israel’s genocidal agenda, which continues, unabated.  Pakistan believes, that the only, just and lasting solution is the creation of an independent, sovereign, viable and contiguous State of Palestine, based on the pre-1967 borders, with Al-Quds Al-Sharif as its capital.  We also condemn continued Israeli aggression against Lebanon and Syria.  This, too, must stop immediately. President,  Terrorism remains one of the gravest threats to international peace and security.  As a frontline state in combating the menace of terrorism, we have fought terrorists in our own cities, in our own mountains, and along our frontiers.  Pakistan has sacrificed, almost 100,000 precious lives and suffered, economic losses, exceeding 150 billion dollars.  The world is safer today thanks to the valuable sacrifices of our valiant Armed Forces, and brave civilians who took on these terrorists.  The peace-loving world must never forget this reality.  Afghan territory continues to be exploited, by the TTP, Fitna-al-Khawarij and the BLA, Fitna-al-Hindustan.  These foreign-funded groups, operate from sanctuaries inside Afghanistan with the aim of, destabilizing Pakistan.  All such attacks including incursions from the territory of Afghanistan must come to a grinding halt.  The Afghan authorities must fulfil their international commitments and take verifiable, decisive action to ensure, that Afghan soil, is never again used against Pakistan or any other country.  Fundamental rights of the Afghan people — especially women and girls; must be respected. President,  United Nations peacekeeping remains, one of the strongest expressions of collective security.  For decades, Pakistani men and women have served under the blue flag, protecting civilians and helping countries emerge from conflict.  We are proud of their valuable, sacrifices.",2,Agent / Actor-Oriented,Marked as Agent / Actor-Oriented because fundamental rights of Afghan women and girls framed as a rights-holder claim requiring respect.,1,Abstract / Rhetorical Mention,2,Foreign / Global Crisis Context,3,Governance & Human Rights,PAK
M_122,M_122_3,2026-09-25,Pakistan,Prime Minister,1,Male,1,Women Alone,"President,  Terrorism remains one of the gravest threats to international peace and security.  As a frontline state in combating the menace of terrorism, we have fought terrorists in our own cities, in our own mountains, and along our frontiers.  Pakistan has sacrificed, almost 100,000 precious lives and suffered, economic losses, exceeding 150 billion dollars.  The world is safer today thanks to the valuable sacrifices of our valiant Armed Forces, and brave civilians who took on these terrorists.  The peace-loving world must never forget this reality.  Afghan territory continues to be exploited, by the TTP, Fitna-al-Khawarij and the BLA, Fitna-al-Hindustan.  These foreign-funded groups, operate from sanctuaries inside Afghanistan with the aim of, destabilizing Pakistan.  All such attacks including incursions from the territory of Afghanistan must come to a grinding halt.  The Afghan authorities must fulfil their international commitments and take verifiable, decisive action to ensure, that Afghan soil, is never again used against Pakistan or any other country.  Fundamental rights of the Afghan people — especially women and girls; must be respected. President,  United Nations peacekeeping remains, one of the strongest expressions of collective security.  For decades, Pakistani men and women have served under the blue flag, protecting civilians and helping countries emerge from conflict.  We are proud of their valuable, sacrifices. Ladies and Gentlemen,  The alarming rise in Islamophobia is deeply worrying, as Muslims face hate speech, discrimination, attacks on mosques and desecration of the Holy Quran.  Just across our border, RSS-driven Hind-dut-va ideology, is fanning religious hatred, leading to lynching, communal violence, attacks on places of worship and restrictions, upon religious freedom.  The demolition of the 150-year-old mosque in Saharanpur, earlier this month is case in point.  Religious hatred must have no place in this world.",2,Agent / Actor-Oriented,Marked as Agent / Actor-Oriented because Pakistani men and women credited with decades of peacekeeping service.,1,Abstract / Rhetorical Mention,2,Foreign / Global Crisis Context,6,Peacekeeping & WPS Governance,PAK
M_123,M_123_0,2026-09-25,Papua New Guinea,Prime Minister,1,Male,0,No Mention,,0,No Mention,No mention of women in the speech.,0,No Mention,0,No Mention,0,No Mention,PNG
M_124,M_124_0,2026-09-25,Niger,Prime Minister,1,Male,0,No Mention,,0,No Mention,No mention of women in the speech.,0,No Mention,0,No Mention,0,No Mention,NER
M_125,M_125_0,2026-09-25,Bahamas (the),Prime Minister,1,Male,0,No Mention,,0,No Mention,No mention of women in the speech.,0,No Mention,0,No Mention,0,No Mention,BHS
M_126,M_126_1,2026-09-25,Haiti,Prime Minister,1,Male,2,Women and Children,"This same requirement to for dignity needs to guide our approach to migrations as well. Because behind statistics and debates there are women, children and men who carry with them a history, talents, hopes and sometimes the burden of exile. For generations, Haitians settled abroad have contributed to the societies that welcomed them.",3,Dual / Mixed Framing,"Marked as Dual / Mixed Framing because women, children and men described with both the burden of exile (vulnerability) and talents/hopes (agency) among migrants.",1,Abstract / Rhetorical Mention,2,Foreign / Global Crisis Context,2,Humanitarian & Crisis,HTI
M_126,M_126_2,2026-09-25,Haiti,Prime Minister,1,Male,2,Women and Children,"The time is not a time for any half measures or partially honored commitments, or to a too tepid response. Given the scale of the threat massacres, bereaved families, women that have fallen victim to despicable violence, children deprived of their innocence and communities chased away from their homes need to compel us to act. And, uh, here I want to pay tribute to all of the victims of this violence.",1,Vulnerable / Protection-Oriented,Marked as Vulnerable / Protection-Oriented because women and children named among victims of massacres and violence amid a domestic humanitarian crisis.,1,Abstract / Rhetorical Mention,1,Domestic Context,2,Humanitarian & Crisis,HTI
M_126,M_126_3,2026-09-25,Haiti,Prime Minister,1,Male,2,Women and Children,"Haiti will never forget their sacrifice. For them, for their families, for these 12 million women, men and children, for children that are asking only to grow up, to dream and to live in peace. We cannot resign ourselves to seeing deaths and wounded people be mere numbers in our reports.",1,Vulnerable / Protection-Oriented,"Marked as Vulnerable / Protection-Oriented because 12 million women, men and children described as needing peace and normal life.",1,Abstract / Rhetorical Mention,1,Domestic Context,2,Humanitarian & Crisis,HTI
M_126,M_126_4,2026-09-25,Haiti,Prime Minister,1,Male,1,Women Alone,"This is why today Haiti is calling for a paradigm shift. We need to move from aid to investment, from assistance to production, from dependency to partnership, and we must gradually transform resources mobilized in order to manage the crisis into investments that can create jobs and sustainable opportunities, in particular for our young people and our women. Because when you no longer hear the sound of the guns, you need to hear the sounds of peace engines that are starting construction sites that are beginning work again, bustling markets, women that are running businesses, young people that are working, the laughter of children that are playing, and our streets that again, are rediscovering the rhythm of our music and our life.",2,Agent / Actor-Oriented,Marked as Agent / Actor-Oriented because jobs and sustainable opportunities sought particularly for young people and women.,1,Abstract / Rhetorical Mention,1,Domestic Context,4,Economic Development & Labor,HTI
M_126,M_126_5,2026-09-25,Haiti,Prime Minister,1,Male,1,Women Alone,"We need to move from aid to investment, from assistance to production, from dependency to partnership, and we must gradually transform resources mobilized in order to manage the crisis into investments that can create jobs and sustainable opportunities, in particular for our young people and our women. Because when you no longer hear the sound of the guns, you need to hear the sounds of peace engines that are starting construction sites that are beginning work again, bustling markets, women that are running businesses, young people that are working, the laughter of children that are playing, and our streets that again, are rediscovering the rhythm of our music and our life. Those who have had the privilege of knowing Haiti know that this country exists behind the images of crises.",2,Agent / Actor-Oriented,Marked as Agent / Actor-Oriented because women shown running businesses in a positive post-crisis vision of economic life.,1,Abstract / Rhetorical Mention,1,Domestic Context,4,Economic Development & Labor,HTI
M_126,M_126_6,2026-09-25,Haiti,Prime Minister,1,Male,1,Women Alone,"We want free, credible, inclusive and honest elections. The participation of women is encouraged and young people are called upon to take their full place in that election. As voters, candidates and stakeholders for our democracy.",2,Agent / Actor-Oriented,Marked as Agent / Actor-Oriented because women's electoral participation encouraged domestically.,1,Abstract / Rhetorical Mention,1,Domestic Context,3,Governance & Human Rights,HTI
M_127,M_127_0,2026-09-25,Guinea-Bissau,Prime Minister,1,Male,0,No Mention,,0,No Mention,No mention of women in the speech.,0,No Mention,0,No Mention,0,No Mention,GNB
M_128,M_128_0,2026-09-25,Egypt,Prime Minister,1,Male,0,No Mention,,0,No Mention,No mention of women in the speech.,0,No Mention,0,No Mention,0,No Mention,EGY
M_129,M_129_1,2026-09-25,Saint Vincent and the Grenadines,Prime Minister,1,Male,1,Women Alone,"President, as this is my first visit here, like a tourist I walked the halls of this historic building and admired on the walls the impressive portraits of the nine men who have served as Secretary-General since 1946. And while I appreciated the outstanding caliber and service of those men I, nevertheless, could not resist thinking that after eight decades, surely the time has come for an equally capable woman to be Secretary-General. We believe Ambassador Carolyn Rodrigues-Birkett is well-suited to be that person.",2,Agent / Actor-Oriented,Marked as Agent / Actor-Oriented because call for a capable woman to be Secretary-General after eight decades of men.,1,Abstract / Rhetorical Mention,3,Dual / Mixed Framing,3,Governance & Human Rights,VCT
M_130,M_130_1,2026-09-25,Tonga,Prime Minister,1,Male,3,Women and Girls,"We will use innovative technologies and work closely with trusted security partners to confront these threats, including through stronger regional cooperation and maritime awareness. We are committed to protecting the rights of marginalised people and ending violence against women and girls. This year, Tonga ratified the United Nations Convention on the Rights of Persons with Disabilities, reaffirming our commitment to dignity and equal participation for persons with disabilities.",1,Vulnerable / Protection-Oriented,"Marked as Vulnerable / Protection-Oriented because commitment to ending violence against women and girls, stated as a general policy goal.",1,Abstract / Rhetorical Mention,3,Dual / Mixed Framing,3,Governance & Human Rights,TON
M_131,M_131_1,2026-09-25,Samoa,Deputy Prime Minister,2,Female,1,Women Alone,"Excellencies, At its heart, Samoa’s development journey is about investing in people. We are strengthening social protection, investing in youth, supporting women and persons with disabilities, and building a resilient economy. These efforts are championed through our District Development Program, delivered across all fifty one districts.",2,Agent / Actor-Oriented,Marked as Agent / Actor-Oriented because women included among groups supported through social-protection investment.,1,Abstract / Rhetorical Mention,1,Domestic Context,4,Economic Development & Labor,WSM
M_132,M_132_1,2026-09-25,Saint Kitts and Nevis,Deputy Prime Minister,1,Male,1,Women Alone,"Her distinguished record of service, commitment to multilateralism and understanding of the challenges facing developing nations reflect the leadership this moment demands. Her candidature, as an Indigenous woman from a small developing state, also reaffirms that global leadership must be defined not by the size of a nation, but by the vision, integrity and capacity of those called to serve. Africa - Caribbean Cooperation Mr.",2,Agent / Actor-Oriented,Marked as Agent / Actor-Oriented because an Indigenous woman's candidacy for Secretary-General framed around vision and capacity rather than country size.,1,Abstract / Rhetorical Mention,3,Dual / Mixed Framing,3,Governance & Human Rights,KNA
M_133,M_133_1,2026-09-25,Bahrain,Minister for Foreign Affairs,1,Male,1,Women Alone,"The same approach underpins our development journey. The Kingdom continues to advance its Economic Vision 2030, pursue its commitment to achieving the Sustainable Development Goals, and strengthen the status and advancement of Bahraini women. The Kingdom embraces the Women, Peace and Security agenda, and the Youth, Peace and Security agenda, and both are priorities during its membership of the Security Council.",2,Agent / Actor-Oriented,Marked as Agent / Actor-Oriented because concrete Vision 2030 commitment to advance the status of Bahraini women.,3,Policy / Legislative Reform,1,Domestic Context,4,Economic Development & Labor,BHR
M_133,M_133_2,2026-09-25,Bahrain,Minister for Foreign Affairs,1,Male,1,Women Alone,"The Kingdom continues to advance its Economic Vision 2030, pursue its commitment to achieving the Sustainable Development Goals, and strengthen the status and advancement of Bahraini women. The Kingdom embraces the Women, Peace and Security agenda, and the Youth, Peace and Security agenda, and both are priorities during its membership of the Security Council. No discussion of development today is complete without addressing the technology that is reshaping it.",2,Agent / Actor-Oriented,Marked as Agent / Actor-Oriented because WPS and Youth-Peace-Security agendas embraced as Security Council priorities.,2,Institutional / Parity Target,3,Dual / Mixed Framing,6,Peacekeeping & WPS Governance,BHR
M_134,M_134_1,2026-09-25,Azerbaijan,Minister for Foreign Affairs,1,Male,2,Women and Children,"This significantly obstructs the reconstruction and return process. Since the liberation of occupied territories in 2020, more than 400 individuals, including women and children, became victim to landmines. The cumulative toll of landmines over the past 30 years exceeded 3500 persons.",1,Vulnerable / Protection-Oriented,Marked as Vulnerable / Protection-Oriented because women and children named among landmine victims in formerly occupied territory.,1,Abstract / Rhetorical Mention,1,Domestic Context,1,Conflict & Security,AZE
M_135,M_135_1,2026-09-25,Kazakhstan,Minister for Foreign Affairs,1,Male,1,Women Alone,"We have also continu ed to strengthen the rule of law, public accountability and the protection of human rights. Elections last month to the new Kuryltai brought into parliament a diverse set of voices, including a historic high 34% of women. President, I express my country’s grave concern as the world continues its slide toward uncertainty and division.",2,Agent / Actor-Oriented,Marked as Agent / Actor-Oriented because 34% women's representation in a new parliament cited as an institutional benchmark.,2,Institutional / Parity Target,1,Domestic Context,3,Governance & Human Rights,KAZ
M_136,M_136_0,2026-09-25,Mauritania,"Minister for Foreign Affairs, African Cooperation and Mauritanians Abroad",1,Male,0,No Mention,,0,No Mention,No mention of women in the speech.,0,No Mention,0,No Mention,0,No Mention,MRT
M_137,M_137_1,2026-09-25,Mexico,Minister for Foreign Affairs,1,Male,1,Women Alone,"The fourth, fourth action that we've engaged in has transformed the history of our country. For the first time in two centuries of independent life, Mexico is being governed by a woman. And this did not happen alone.",2,Agent / Actor-Oriented,Marked as Agent / Actor-Oriented because Mexico described as governed by a woman for the first time in two centuries.,1,Abstract / Rhetorical Mention,1,Domestic Context,3,Governance & Human Rights,MEX
M_137,M_137_2,2026-09-25,Mexico,Minister for Foreign Affairs,1,Male,1,Women Alone,"This Mexican transformation is designed to benefit precisely those who historically have been left behind. Our policies are based on a very clear gender perspective, boosting the rights of women, prioritizing the poorest indigenous peoples, persons of African descent, persons with disabilities. Children, infants, older persons and people of different sexual and gender identities.",2,Agent / Actor-Oriented,Marked as Agent / Actor-Oriented because concrete national policies boosting the rights of women within a broader transformation agenda.,3,Policy / Legislative Reform,1,Domestic Context,3,Governance & Human Rights,MEX
M_137,M_137_3,2026-09-25,Mexico,Minister for Foreign Affairs,1,Male,1,Women Alone,"At the United Nations. It is also time for women. Alfonso Reyes, uh, diplomat and humanist, left Mexico.",2,Agent / Actor-Oriented,Marked as Agent / Actor-Oriented because call that 'it is time for women' at the UN.,1,Abstract / Rhetorical Mention,3,Dual / Mixed Framing,3,Governance & Human Rights,MEX
M_138,M_138_1,2026-09-25,Mauritius,"Minister of Foreign Affairs, Regional Integration and International Trade",1,Male,1,Women Alone,"We welcome the High -Level Meeting on this subject and reaffirm our commitment to the International Decade for People of African Descent. Mauritius is fully committed to supporting the Convention on the Elimination of All Forms of Discrimination against Women and the Beijing Declaration and Platform for Action. Earlier this year, Mauritius adopted new legislation to further enhance the protection of women’s rights.",2,Agent / Actor-Oriented,Marked as Agent / Actor-Oriented because commitment to CEDAW and the Beijing Platform for Action cited as an institutional benchmark.,2,Institutional / Parity Target,3,Dual / Mixed Framing,3,Governance & Human Rights,MUS
M_138,M_138_2,2026-09-25,Mauritius,"Minister of Foreign Affairs, Regional Integration and International Trade",1,Male,1,Women Alone,"Mauritius is fully committed to supporting the Convention on the Elimination of All Forms of Discrimination against Women and the Beijing Declaration and Platform for Action. Earlier this year, Mauritius adopted new legislation to further enhance the protection of women’s rights. President, SDGs We are deeply concerned by the effects of regional conflicts and instability on development, economic growth, food security and the achievement of SDGs.",2,Agent / Actor-Oriented,Marked as Agent / Actor-Oriented because concrete national legislation enhancing protection of women's rights.,3,Policy / Legislative Reform,1,Domestic Context,3,Governance & Human Rights,MUS
M_139,M_139_0,2026-09-25,Chad,Minister of Public Health and Prevention,1,Male,0,No Mention,,0,No Mention,No mention of women in the speech.,0,No Mention,0,No Mention,0,No Mention,TCD
M_140,M_140_0,2026-09-25,Norway,Minister for Foreign Affairs,1,Male,0,No Mention,,0,No Mention,No mention of women in the speech.,0,No Mention,0,No Mention,0,No Mention,NOR
M_141,M_141_1,2026-09-25,Guatemala,Minister for Foreign Affairs,1,Male,1,Women Alone,"It weakens the democracy it is meant to protect. Democracy also earns its legitimacy in everyday life When a family is protected from poverty, when a child learns in a decent school, when a woman lives free from violence, when a community is no longer isolated, and when a young person can envision a future without being forced to leave their country. That is why in Guatemala, we are restoring the state's capacity to reach those who have been excluded from opportunities for far too long.",1,Vulnerable / Protection-Oriented,Marked as Vulnerable / Protection-Oriented because a woman living free from violence cited as a marker of democratic legitimacy.,1,Abstract / Rhetorical Mention,1,Domestic Context,3,Governance & Human Rights,GTM
M_141,M_141_2,2026-09-25,Guatemala,Minister for Foreign Affairs,1,Male,1,Women Alone,Seeking peace must never mean accepting injustice. We have also contributed to United Nations peacekeeping operations More than 6300 Guatemalan women and men have served under the United Nations flag in peacekeeping operations in different parts of the world. A country that knows the cost of war must also take responsibility for helping others preserve peace.,2,Agent / Actor-Oriented,"Marked as Agent / Actor-Oriented because 6,300 Guatemalan women and men credited with UN peacekeeping service.",1,Abstract / Rhetorical Mention,2,Foreign / Global Crisis Context,6,Peacekeeping & WPS Governance,GTM
M_141,M_141_3,2026-09-25,Guatemala,Minister for Foreign Affairs,1,Male,1,Women Alone,"The Latin American and Caribbean region stands ready and prepared to shoulder its responsibility to the international community. The time has come for a Latin American woman to serve as secretary general of the United Nations. The Republic of Guatemala reaffirms its commitment to the peaceful settlement of disputes and the observance of international law We welcome the fact that the International Court of Justice has set the date for the oral hearings concerning the territorial, insular and maritime dispute with Belize.",2,Agent / Actor-Oriented,Marked as Agent / Actor-Oriented because call for a Latin American woman to serve as Secretary-General.,1,Abstract / Rhetorical Mention,3,Dual / Mixed Framing,3,Governance & Human Rights,GTM
M_142,M_142_1,2026-09-25,Sweden,Minister for Foreign Affairs,2,Female,1,Women Alone,"A job at a local bank gave her not only an income, but also independence and confidence. There, at the bank, she met many women with little to no experience with finances and were left vulnerable when circumstances changed. She wrote in her diary about some of the women she met – many of whom were recently widowed – coming to the bank in tears because they didn’t know anything about their own family finances.",1,Vulnerable / Protection-Oriented,Marked as Vulnerable / Protection-Oriented because women met at a bank described as financially inexperienced and left vulnerable by circumstance.,1,Abstract / Rhetorical Mention,1,Domestic Context,4,Economic Development & Labor,SWE
M_142,M_142_2,2026-09-25,Sweden,Minister for Foreign Affairs,2,Female,1,Women Alone,"There, at the bank, she met many women with little to no experience with finances and were left vulnerable when circumstances changed. She wrote in her diary about some of the women she met – many of whom were recently widowed – coming to the bank in tears because they didn’t know anything about their own family finances. Some didn’t know how to fill out a withdrawal slip.",1,Vulnerable / Protection-Oriented,"Marked as Vulnerable / Protection-Oriented because recently widowed women described arriving in tears, lacking financial knowledge.",1,Abstract / Rhetorical Mention,1,Domestic Context,4,Economic Development & Labor,SWE
M_142,M_142_3,2026-09-25,Sweden,Minister for Foreign Affairs,2,Female,1,Women Alone,Some didn’t know how to fill out a withdrawal slip. One woman came to the bank holding two safe-deposit keys without knowing which bank they belonged to. My grandmother was as independent as a woman in that time and place could be.,1,Vulnerable / Protection-Oriented,"Marked as Vulnerable / Protection-Oriented because a woman unfamiliar with her own bank accounts, continuing the vulnerability narrative.",1,Abstract / Rhetorical Mention,1,Domestic Context,4,Economic Development & Labor,SWE
M_142,M_142_4,2026-09-25,Sweden,Minister for Foreign Affairs,2,Female,1,Women Alone,One woman came to the bank holding two safe-deposit keys without knowing which bank they belonged to. My grandmother was as independent as a woman in that time and place could be. But she worried deeply about the consequences for the women who were not.,2,Agent / Actor-Oriented,Marked as Agent / Actor-Oriented because the speaker's grandmother described as unusually independent for a woman of her time.,1,Abstract / Rhetorical Mention,1,Domestic Context,4,Economic Development & Labor,SWE
M_142,M_142_5,2026-09-25,Sweden,Minister for Foreign Affairs,2,Female,1,Women Alone,My grandmother was as independent as a woman in that time and place could be. But she worried deeply about the consequences for the women who were not. During her life she witnessed extraordinary progress.,1,Vulnerable / Protection-Oriented,Marked as Vulnerable / Protection-Oriented because concern for women who lacked the grandmother's independence.,1,Abstract / Rhetorical Mention,1,Domestic Context,4,Economic Development & Labor,SWE
M_142,M_142_6,2026-09-25,Sweden,Minister for Foreign Affairs,2,Female,1,Women Alone,"During her life she witnessed extraordinary progress. But two generations later, far too many women are still entirely economically dependent on men. Madam/ Mister President 80 years ago, when Sweden joined the United Nations, the foundations of our modern society were being laid. 2(12) In the 1940s and 50s, Swedish women joined the labour market in large numbers.",1,Vulnerable / Protection-Oriented,"Marked as Vulnerable / Protection-Oriented because many women still described as economically dependent on men, two generations on.",1,Abstract / Rhetorical Mention,1,Domestic Context,4,Economic Development & Labor,SWE
M_142,M_142_7,2026-09-25,Sweden,Minister for Foreign Affairs,2,Female,1,Women Alone,"But two generations later, far too many women are still entirely economically dependent on men. Madam/ Mister President 80 years ago, when Sweden joined the United Nations, the foundations of our modern society were being laid. 2(12) In the 1940s and 50s, Swedish women joined the labour market in large numbers. This was not only a matter of principle – it also came from the realisation that our economy needed women in the work force.",2,Agent / Actor-Oriented,Marked as Agent / Actor-Oriented because Swedish women's historical entry into the labour market in large numbers.,1,Abstract / Rhetorical Mention,1,Domestic Context,4,Economic Development & Labor,SWE
M_142,M_142_8,2026-09-25,Sweden,Minister for Foreign Affairs,2,Female,1,Women Alone,"Madam/ Mister President 80 years ago, when Sweden joined the United Nations, the foundations of our modern society were being laid. 2(12) In the 1940s and 50s, Swedish women joined the labour market in large numbers. This was not only a matter of principle – it also came from the realisation that our economy needed women in the work force. Women’s economic empowerment is a matter of freedom.",2,Agent / Actor-Oriented,Marked as Agent / Actor-Oriented because women in the workforce credited with strengthening the economy.,1,Abstract / Rhetorical Mention,1,Domestic Context,4,Economic Development & Labor,SWE
M_142,M_142_9,2026-09-25,Sweden,Minister for Foreign Affairs,2,Female,1,Women Alone,"This was not only a matter of principle – it also came from the realisation that our economy needed women in the work force. Women’s economic empowerment is a matter of freedom. When women work and earn their own money, their self-determination grows.",2,Agent / Actor-Oriented,Marked as Agent / Actor-Oriented because women's economic empowerment framed as a matter of freedom.,1,Abstract / Rhetorical Mention,1,Domestic Context,4,Economic Development & Labor,SWE
M_142,M_142_10,2026-09-25,Sweden,Minister for Foreign Affairs,2,Female,1,Women Alone,"Women’s economic empowerment is a matter of freedom. When women work and earn their own money, their self-determination grows. Gender equality is not only the right thing to do, it’s the smart thing to do.",2,Agent / Actor-Oriented,Marked as Agent / Actor-Oriented because women's self-determination linked to working and earning independently.,1,Abstract / Rhetorical Mention,1,Domestic Context,4,Economic Development & Labor,SWE
M_142,M_142_11,2026-09-25,Sweden,Minister for Foreign Affairs,2,Female,1,Women Alone,"Gender equality is not only the right thing to do, it’s the smart thing to do. When women work, economies grow. Madam/Mister President, Each generation must fight for equality.",2,Agent / Actor-Oriented,Marked as Agent / Actor-Oriented because general claim that economies grow when women work.,1,Abstract / Rhetorical Mention,1,Domestic Context,4,Economic Development & Labor,SWE
M_142,M_142_12,2026-09-25,Sweden,Minister for Foreign Affairs,2,Female,1,Women Alone,"Madam/Mister President, Each generation must fight for equality. In 1919, the same year my grandmother was born, Sweden decided that women should have the same right as men to vote. That very same year, women in Afghanistan were also granted the right to vote.",2,Agent / Actor-Oriented,Marked as Agent / Actor-Oriented because Swedish women's suffrage in 1919 cited as a concrete historical legislative milestone.,3,Policy / Legislative Reform,1,Domestic Context,3,Governance & Human Rights,SWE
M_142,M_142_13,2026-09-25,Sweden,Minister for Foreign Affairs,2,Female,1,Women Alone,"In 1919, the same year my grandmother was born, Sweden decided that women should have the same right as men to vote. That very same year, women in Afghanistan were also granted the right to vote. More than a century later, the contrast between women’s freedoms in our two countries is as striking as it is saddening.",2,Agent / Actor-Oriented,Marked as Agent / Actor-Oriented because Afghan women's suffrage the same year cited as a historical comparison.,3,Policy / Legislative Reform,2,Foreign / Global Crisis Context,3,Governance & Human Rights,SWE
M_142,M_142_14,2026-09-25,Sweden,Minister for Foreign Affairs,2,Female,1,Women Alone,"That very same year, women in Afghanistan were also granted the right to vote. More than a century later, the contrast between women’s freedoms in our two countries is as striking as it is saddening. It is a painful reminder that progress is never irreversible.",3,Dual / Mixed Framing,"Marked as Dual / Mixed Framing because contrast between Swedish and Afghan women's freedoms over a century, spanning domestic and foreign comparison.",1,Abstract / Rhetorical Mention,3,Dual / Mixed Framing,3,Governance & Human Rights,SWE
M_142,M_142_15,2026-09-25,Sweden,Minister for Foreign Affairs,2,Female,3,Women and Girls,"Freedoms do not defend themselves. It is up to us to protect them, for women and girls everywhere – and for generations to come. Madam/Mister President, When Sweden joined the UN in 1946, the world was emerging from the devastation of war.",1,Vulnerable / Protection-Oriented,"Marked as Vulnerable / Protection-Oriented because a call to protect freedoms for women and girls everywhere, phrased as a universal appeal.",1,Abstract / Rhetorical Mention,3,Dual / Mixed Framing,3,Governance & Human Rights,SWE
M_143,M_143_0,2026-09-25,Togo,"Minister of Foreign Affairs, Regional Integration, and Togolese Abroad",1,Male,0,No Mention,,0,No Mention,No mention of women in the speech.,0,No Mention,0,No Mention,0,No Mention,TGO
M_144,M_144_1,2026-09-25,Liechtenstein,Deputy Prime Minister,2,Female,1,Women Alone,"We hope that this decision will come very soon, in order to give the new Secretary-General the time she needs to prepare for this most unique of jobs. And we remain convinced that having a woman at the helm of the United Nations is long overdue for an organization that prides itself on its role in gender equality. President, At its core, the United Nations is a peace organization.",2,Agent / Actor-Oriented,Marked as Agent / Actor-Oriented because a woman at the helm of the UN described as long overdue.,1,Abstract / Rhetorical Mention,3,Dual / Mixed Framing,3,Governance & Human Rights,LIE
M_145,M_145_0,2026-09-26,China,Vice President,1,Male,0,No Mention,,0,No Mention,No mention of women in the speech.,0,No Mention,0,No Mention,0,No Mention,CHN
M_146,M_146_1,2026-09-26,Micronesia (Federated States of),Vice President,1,Male,3,Women and Girls,"For us, achieving the SDGs requires accelerated action. President, Our actions on gender equality continues to address barriers to women’s leadership, economic participation, and access to justice, digital safety, and protection from violence—particularly for women and girls in remote and outer island communities. We are mainstreaming gender across state and national planning, strengthening survivor-centered services, expanding women’s economic empowerment and decision-making and engaging in preventing gender-based violence and advancing equality.",3,Dual / Mixed Framing,"Marked as Dual / Mixed Framing because addressing barriers to women's leadership/economic participation (agency) and protection from violence (vulnerability), spanning several domains.",1,Abstract / Rhetorical Mention,1,Domestic Context,8,Cross-Cutting / Multi-Thematic,FSM
M_146,M_146_2,2026-09-26,Micronesia (Federated States of),Vice President,1,Male,1,Women Alone,"President, Our actions on gender equality continues to address barriers to women’s leadership, economic participation, and access to justice, digital safety, and protection from violence—particularly for women and girls in remote and outer island communities. We are mainstreaming gender across state and national planning, strengthening survivor-centered services, expanding women’s economic empowerment and decision-making and engaging in preventing gender-based violence and advancing equality. President, Our youth are taking active roles in community advocacy, climate stewardship, adaptation and mitigation activities, and services across our nation.",3,Dual / Mixed Framing,"Marked as Dual / Mixed Framing because concrete national gender-mainstreaming programme combining economic empowerment (agency) with GBV prevention (vulnerability), across multiple domains.",3,Policy / Legislative Reform,1,Domestic Context,8,Cross-Cutting / Multi-Thematic,FSM
M_147,M_147_1,2026-09-26,Belize,Prime Minister,1,Male,1,Women Alone,"Belize proudly supports the candidacy of Her Excellency Carolyn Rodrigues-Birkett of Guyana, a distinguished daughter of the Caribbean. A Caribbean woman at the helm of the United Nations would be historic, but history alone is not the argument; her record is. The next Secretary-General will inherit an institution under strain and a world impatient for results.",2,Agent / Actor-Oriented,Marked as Agent / Actor-Oriented because a Caribbean woman at the UN's helm described as potentially historic.,1,Abstract / Rhetorical Mention,3,Dual / Mixed Framing,3,Governance & Human Rights,BLZ
M_148,M_148_0,2026-09-26,Cabo Verde,Prime Minister,1,Male,0,No Mention,,0,No Mention,No mention of women in the speech.,0,No Mention,0,No Mention,0,No Mention,CPV
M_149,M_149_0,2026-09-26,Republic of Moldova,Prime Minister,1,Male,0,No Mention,,0,No Mention,No mention of women in the speech.,0,No Mention,0,No Mention,0,No Mention,MDA
M_150,M_150_1,2026-09-26,Holy See,Secretary of State,1,Male,2,Women and Children,"The conditions must be created within their homeland to allow the safe, legal, voluntary and unhindered return. The Holy City News is heartfelt appeal for an immediate end to the conflict in Sudan, a land that has for too long been ravaged by indiscriminate violence affecting the most defenseless, starting with children and women faced with an unprecedented humanitarian catastrophe. All parties are urged to initiate, without delay a sincere, constructive dialogue with the support of the international community to facilitate assistance to the population and ensure stability and peace.",1,Vulnerable / Protection-Oriented,Marked as Vulnerable / Protection-Oriented because children and women named among the most defenceless affected by Sudan's humanitarian catastrophe.,1,Abstract / Rhetorical Mention,2,Foreign / Global Crisis Context,2,Humanitarian & Crisis,VAT
M_150,M_150_2,2026-09-26,Holy See,Secretary of State,1,Male,2,Women and Children,"The Holy See is following with deep concern the humanitarian crisis currently unfolding in certain areas of Somalia, where outbreaks of violence and extreme weather events are exacerbating the population's already precarious living conditions. The Holy See urges the international community to generously commit to meeting the immediate needs of the most at risk, especially women and children. The situation in the Democratic Republic of Congo is of concern to the Holy See, particularly the protracted crisis in the east of the country and the Ebola epidemic.",1,Vulnerable / Protection-Oriented,Marked as Vulnerable / Protection-Oriented because women and children named among those most at risk in Somalia's humanitarian crisis.,1,Abstract / Rhetorical Mention,2,Foreign / Global Crisis Context,2,Humanitarian & Crisis,VAT
M_151,M_151_0,2026-09-26,Lao People’s Democratic Republic,Deputy Prime Minister,1,Male,0,No Mention,,0,No Mention,No mention of women in the speech.,0,No Mention,0,No Mention,0,No Mention,LAO
M_152,M_152_0,2026-09-26,Cambodia,Deputy Prime Minister,1,Male,0,No Mention,,0,No Mention,No mention of women in the speech.,0,No Mention,0,No Mention,0,No Mention,KHM
M_153,M_153_1,2026-09-26,Russian Federation,Minister for Foreign Affairs,1,Male,2,Women and Children,"But peace does not reign there. Older persons, women and children continue to perish. The humanitarian situation is critical.",1,Vulnerable / Protection-Oriented,"Marked as Vulnerable / Protection-Oriented because older persons, women and children described as continuing to perish amid conflict.",1,Abstract / Rhetorical Mention,2,Foreign / Global Crisis Context,1,Conflict & Security,RUS
M_154,M_154_1,2026-09-26,Philippines,Secretary for Foreign Affairs,2,Female,1,Women Alone,"Since joining the United Nations as a founding member, the Philippines has proudly stood with the vanguard of human rights. We advocated decolonization in the elimination of discrimination against women. We advance the rights of children, persons with disabilities, older persons, indigenous peoples, and migrants.",2,Agent / Actor-Oriented,Marked as Agent / Actor-Oriented because historic advocacy against discrimination against women cited as a UN-era institutional achievement.,2,Institutional / Parity Target,3,Dual / Mixed Framing,3,Governance & Human Rights,PHL
M_154,M_154_2,2026-09-26,Philippines,Secretary for Foreign Affairs,2,Female,1,Women Alone,"Closer to home the Philippines own journey toward lasting peace, exemplified by the Bangsamoro Autonomous Region in Muslim Mindanao, has taught us an invaluable lesson. Lasting peace requires addressing the root causes of conflict, empowering local communities, and ensuring that women are at the center of peace building. Mr. president, excellencies, our world is evolving.",2,Agent / Actor-Oriented,Marked as Agent / Actor-Oriented because women placed at the centre of a domestic peacebuilding process (Mindanao).,1,Abstract / Rhetorical Mention,1,Domestic Context,6,Peacekeeping & WPS Governance,PHL
M_154,M_154_3,2026-09-26,Philippines,Secretary for Foreign Affairs,2,Female,1,Women Alone,"And above all, you must always put a face to what we do, remembering that every policy, every treaty, and every institutional reform is ultimately about real human lives. It is in this spirit that we voice a historic aspiration the hope for a woman secretary general, a leader who can rally nations back to true multilateralism and deliver for all. Thank you very much.",2,Agent / Actor-Oriented,Marked as Agent / Actor-Oriented because aspiration voiced for a woman Secretary-General.,1,Abstract / Rhetorical Mention,3,Dual / Mixed Framing,3,Governance & Human Rights,PHL
M_155,M_155_0,2026-09-26,Cuba,Minister for Foreign Affairs,1,Male,0,No Mention,,0,No Mention,No mention of women in the speech.,0,No Mention,0,No Mention,0,No Mention,CUB
M_156,M_156_0,2026-09-26,Brunei Darussalam,Minister for Foreign Affairs,1,Male,0,No Mention,,0,No Mention,No mention of women in the speech.,0,No Mention,0,No Mention,0,No Mention,BRN
M_157,M_157_1,2026-09-26,Saudi Arabia,Minister for Foreign Affairs,1,Male,1,Women Alone,"Mr. president, the achievements made through Saudi Vision 2030, ten years after its launch, represent a model of comprehensive national transformation. The latter is based on economic diversification, investment in human capital, promotion of innovation, empowerment of youth and women, development of the private sector, and consolidation of sustainability The vision has contributed to strengthening the kingdom's position as a regional and international hub for business, investment, tourism, industry, technology and logistics. Thus, non-oil activities accounted for 55% of non-oil GDP.",2,Agent / Actor-Oriented,Marked as Agent / Actor-Oriented because empowerment of youth and women tied to a concrete national vision (Saudi Vision 2030).,3,Policy / Legislative Reform,1,Domestic Context,4,Economic Development & Labor,SAU
M_158,M_158_0,2026-09-26,Singapore,Minister for Foreign Affairs,1,Male,0,No Mention,,0,No Mention,No mention of women in the speech.,0,No Mention,0,No Mention,0,No Mention,SGP
M_159,M_159_1,2026-09-26,Iceland,Minister for Foreign Affairs,2,Female,1,Women Alone,Human rights are not a zero -sum game. Giving a woman equal rights does not take rights away from a man. Allowing an LGBTQI+ person to live freely does not make anyone else less free.,2,Agent / Actor-Oriented,Marked as Agent / Actor-Oriented because general principle that equal rights for women do not diminish men's rights.,1,Abstract / Rhetorical Mention,3,Dual / Mixed Framing,3,Governance & Human Rights,ISL
M_159,M_159_2,2026-09-26,Iceland,Minister for Foreign Affairs,2,Female,3,Women and Girls,"A society that strips people of their dignity will eventually undermine its own democracy. And nowhere is this backlash more extreme than in Afghanistan, where women and girls have been systematically erased from public life. Girls are denied education, women are denied basic freedoms.",1,Vulnerable / Protection-Oriented,"Marked as Vulnerable / Protection-Oriented because backlash against women and girls in Afghanistan described as most extreme, amounting to 'gender apartheid'.",1,Abstract / Rhetorical Mention,2,Foreign / Global Crisis Context,3,Governance & Human Rights,ISL
M_159,M_159_3,2026-09-26,Iceland,Minister for Foreign Affairs,2,Female,3,Women and Girls,"And nowhere is this backlash more extreme than in Afghanistan, where women and girls have been systematically erased from public life. Girls are denied education, women are denied basic freedoms. For me, this can only be described as gender apartheid.",1,Vulnerable / Protection-Oriented,Marked as Vulnerable / Protection-Oriented because girls denied education and women denied basic freedoms in Afghanistan.,1,Abstract / Rhetorical Mention,2,Foreign / Global Crisis Context,3,Governance & Human Rights,ISL
M_159,M_159_4,2026-09-26,Iceland,Minister for Foreign Affairs,2,Female,1,Women Alone,"What distinguished some of the past's best moments was our response: Countries came together, built institutions and negotiated treaties. They created the Human Rights Council, OCHA, ICC, UN Women and the UNFCCC. They placed Women, Peace and Security on the agenda of the Security Council and recognised sexual violence as a weapon and tactic of war.",2,Agent / Actor-Oriented,Marked as Agent / Actor-Oriented because creation of UN Women cited among historic institutional achievements.,2,Institutional / Parity Target,3,Dual / Mixed Framing,3,Governance & Human Rights,ISL
M_159,M_159_5,2026-09-26,Iceland,Minister for Foreign Affairs,2,Female,1,Women Alone,"They created the Human Rights Council, OCHA, ICC, UN Women and the UNFCCC. They placed Women, Peace and Security on the agenda of the Security Council and recognised sexual violence as a weapon and tactic of war. They adopted the Millennium Development Goals and later the Sustainable Development Goals.",3,Dual / Mixed Framing,Marked as Dual / Mixed Framing because WPS placed on the Security Council agenda (institutional/agency) alongside recognition of sexual violence as a weapon of war (vulnerability).,2,Institutional / Parity Target,3,Dual / Mixed Framing,6,Peacekeeping & WPS Governance,ISL
M_160,M_160_0,2026-09-26,Nicaragua,Minister for Foreign Affairs,1,Male,0,No Mention,,0,No Mention,No mention of women in the speech.,0,No Mention,0,No Mention,0,No Mention,NIC
M_161,M_161_0,2026-09-26,India,Minister for External Affairs,1,Male,0,No Mention,,0,No Mention,No mention of women in the speech.,0,No Mention,0,No Mention,0,No Mention,IND
M_162,M_162_0,2026-09-26,Germany,Federal Minister for Foreign Affairs,1,Male,0,No Mention,,0,No Mention,No mention of women in the speech.,0,No Mention,0,No Mention,0,No Mention,DEU
M_163,M_163_1,2026-09-26,Tajikistan,Minister for Foreign Affairs,1,Male,1,Women Alone,"It is about people, opportunity and inclusion. That is why Tajikistan continues to advance the empowerment of women and their meaningful participation in political, economic and social life. It is also why we place growing emphasis on legal literacy.",2,Agent / Actor-Oriented,Marked as Agent / Actor-Oriented because women's empowerment and political/economic/social participation as a domestic priority.,1,Abstract / Rhetorical Mention,1,Domestic Context,3,Governance & Human Rights,TJK
M_164,M_164_1,2026-09-26,San Marino,"Minister for Foreign Affairs, Political Affairs, International Economic Cooperation and Digital Transition",1,Male,2,Women and Children,"President, From Ukraine to Gaza, from Sudan to Syria, from the Sahel to Afghanistan, civilians continue to pay the highest price. Women, Children, Older people. Families forced from their homes.",1,Vulnerable / Protection-Oriented,"Marked as Vulnerable / Protection-Oriented because women, children and older people named among displaced civilians across several named conflict zones.",1,Abstract / Rhetorical Mention,2,Foreign / Global Crisis Context,2,Humanitarian & Crisis,SMR
M_164,M_164_2,2026-09-26,San Marino,"Minister for Foreign Affairs, Political Affairs, International Economic Cooperation and Digital Transition",1,Male,3,Women and Girls,"Five years is too long for half of a population to be denied its rights. Afghan women and girls continue to face systematic restrictions on education, employment, movement, public participation and access to justice. Girls remain excluded from secondary and higher education.",1,Vulnerable / Protection-Oriented,"Marked as Vulnerable / Protection-Oriented because Afghan women and girls facing systematic restrictions on education, employment, movement and participation.",1,Abstract / Rhetorical Mention,2,Foreign / Global Crisis Context,3,Governance & Human Rights,SMR
M_164,M_164_3,2026-09-26,San Marino,"Minister for Foreign Affairs, Political Affairs, International Economic Cooperation and Digital Transition",1,Male,1,Women Alone,Girls remain excluded from secondary and higher education. Women are increasingly excluded from public life. This cannot become normal.,1,Vulnerable / Protection-Oriented,Marked as Vulnerable / Protection-Oriented because women increasingly excluded from public life in Afghanistan.,1,Abstract / Rhetorical Mention,2,Foreign / Global Crisis Context,3,Governance & Human Rights,SMR
M_164,M_164_4,2026-09-26,San Marino,"Minister for Foreign Affairs, Political Affairs, International Economic Cooperation and Digital Transition",1,Male,3,Women and Girls,This cannot become normal. San Marino calls for the full restoration of the rights of Afghan women and girls. Education is a right.,2,Agent / Actor-Oriented,Marked as Agent / Actor-Oriented because call for full restoration of Afghan women and girls' rights (rights-holder framing).,1,Abstract / Rhetorical Mention,2,Foreign / Global Crisis Context,3,Governance & Human Rights,SMR
M_164,M_164_5,2026-09-26,San Marino,"Minister for Foreign Affairs, Political Affairs, International Economic Cooperation and Digital Transition",1,Male,3,Women and Girls,These rights do not disappear because a government chooses to deny them. The international community must continue to stand with Afghan women and girls. Humanitarian access must also remain unhindered.,1,Vulnerable / Protection-Oriented,Marked as Vulnerable / Protection-Oriented because call for the international community to continue standing with Afghan women and girls.,1,Abstract / Rhetorical Mention,2,Foreign / Global Crisis Context,3,Governance & Human Rights,SMR
M_165,M_165_1,2026-09-26,Djibouti,Minister for Foreign Affairs and International Cooperation,1,Male,1,Women Alone,"These projects illustrate our ambition to achieve energy sovereignty and security, regional integration and economic transformation. But above all, growth should translate into jobs, social progress and opportunities, particularly for women and young people. We are continuing to invest in education, health.",2,Agent / Actor-Oriented,Marked as Agent / Actor-Oriented because opportunities for women and young people tied to a domestic growth strategy.,1,Abstract / Rhetorical Mention,1,Domestic Context,4,Economic Development & Labor,DJI
M_166,M_166_1,2026-09-26,Belarus,Minister for Foreign Affairs,1,Male,2,Women and Children,"Now their descendants are telling us that they had have nothing to do with this, and nor did their grandfathers, supposedly. But that village house filled with Belarusian children, the elderly and women, was not burned down by the Führer himself. And there were thousands of such houses.",1,Vulnerable / Protection-Oriented,"Marked as Vulnerable / Protection-Oriented because Belarusian children, elderly and women named among wartime victims in a historical WWII dispute.",1,Abstract / Rhetorical Mention,1,Domestic Context,1,Conflict & Security,BLR
M_167,M_167_0,2026-09-26,Malaysia,Minister for Foreign Affairs,1,Male,0,No Mention,,0,No Mention,No mention of women in the speech.,0,No Mention,0,No Mention,0,No Mention,MYS
M_168,M_168_1,2026-09-26,Oman,Foreign Minister,1,Male,1,Women Alone,"So, the government of my country continues to implement its development plans and programs within the framework of Oman Vision 2040. It also continues to empower women's active participation and contribution to the development process and decision-making, aLirming that they are part of building and sustaining development process and its sustainability, rather than a separate goal. Therefore, the allocation of eleven permanent and elected seats for women in the Omani Shura Council comes within this framework.",2,Agent / Actor-Oriented,"Marked as Agent / Actor-Oriented because women's active participation in development and decision-making framed as integral, not separate.",1,Abstract / Rhetorical Mention,1,Domestic Context,3,Governance & Human Rights,OMN
M_168,M_168_2,2026-09-26,Oman,Foreign Minister,1,Male,1,Women Alone,"It also continues to empower women's active participation and contribution to the development process and decision-making, aLirming that they are part of building and sustaining development process and its sustainability, rather than a separate goal. Therefore, the allocation of eleven permanent and elected seats for women in the Omani Shura Council comes within this framework. In the environmental field, the Sultanate of Oman continues its eLorts to implement its national strategy towards transition to a low-carbon economy, through a broad package of projects and initiatives in renewable energy, transport, industry, and sustainable cities, to support national eLorts to reach carbon neutrality by 2050.",2,Agent / Actor-Oriented,Marked as Agent / Actor-Oriented because eleven reserved seats for women in a national legislative body cited as an institutional benchmark.,2,Institutional / Parity Target,1,Domestic Context,3,Governance & Human Rights,OMN
M_169,M_169_1,2026-09-26,Tunisia,"Minister of Foreign Affairs, Migration and Tunisians abroad",1,Male,1,Women Alone,"Foremost among them the fundamental right to development. We believe that the success of reform and development depends on the participation of women and youth. Therefore, Tunisia emphasizes its commitment to strengthening the role of women in public life and in decision making positions, and to continuing efforts to combat all forms of violence and discrimination against women.",2,Agent / Actor-Oriented,Marked as Agent / Actor-Oriented because reform and development success linked to the participation of women and youth.,1,Abstract / Rhetorical Mention,1,Domestic Context,3,Governance & Human Rights,TUN
M_169,M_169_2,2026-09-26,Tunisia,"Minister of Foreign Affairs, Migration and Tunisians abroad",1,Male,1,Women Alone,"We believe that the success of reform and development depends on the participation of women and youth. Therefore, Tunisia emphasizes its commitment to strengthening the role of women in public life and in decision making positions, and to continuing efforts to combat all forms of violence and discrimination against women. Recognizing that women's empowerment is a key driver of development and stability.",3,Dual / Mixed Framing,"Marked as Dual / Mixed Framing because strengthening women's role in public life (agency) alongside combating violence and discrimination (vulnerability), via concrete commitments.",3,Policy / Legislative Reform,1,Domestic Context,3,Governance & Human Rights,TUN
M_169,M_169_3,2026-09-26,Tunisia,"Minister of Foreign Affairs, Migration and Tunisians abroad",1,Male,1,Women Alone,"Therefore, Tunisia emphasizes its commitment to strengthening the role of women in public life and in decision making positions, and to continuing efforts to combat all forms of violence and discrimination against women. Recognizing that women's empowerment is a key driver of development and stability. Likewise, Tunisia places youth at the heart of its national priorities and works to empower them politically, economically and socially while encouraging their initiatives and their participation in public affairs and decision making.",2,Agent / Actor-Oriented,Marked as Agent / Actor-Oriented because women's empowerment described as a key driver of development and stability.,1,Abstract / Rhetorical Mention,1,Domestic Context,4,Economic Development & Labor,TUN
M_169,M_169_4,2026-09-26,Tunisia,"Minister of Foreign Affairs, Migration and Tunisians abroad",1,Male,1,Women Alone,"In this regard, Tunisia calls for building upon the outcomes of the international conference hosted by Tunisia in July 2025 in cooperation with the UN Department of Peace Operations on the role of armed forces and the protection of civilians, including through the establishment of an international platform for exchanging expertise and information. The development of a unified operational manual and the strengthening of training, capacity building and civil military coordination, which should include both men and women. Mr. president, in conclusion, I wish to reaffirm that the United Nations remains for Tunisia the home of international legitimacy, the House that carries the hopes and aspirations of huge future generations for a more just and equitable international order, and a unique forum.",2,Agent / Actor-Oriented,Marked as Agent / Actor-Oriented because a joint military-civilian training manual to include both men and women cited as an institutional commitment.,2,Institutional / Parity Target,3,Dual / Mixed Framing,6,Peacekeeping & WPS Governance,TUN
M_170,M_170_1,2026-09-26,Canada,Minister for Foreign Affairs,2,Female,1,Women Alone,We are very much looking forward to cooperating with the new Secretary General. Be that a man or a woman. Looks very different today than it did when I was growing up in rural Nova Scotia.,2,Agent / Actor-Oriented,Marked as Agent / Actor-Oriented because a future Secretary-General described neutrally as 'a man or a woman'.,1,Abstract / Rhetorical Mention,3,Dual / Mixed Framing,3,Governance & Human Rights,CAN
M_171,M_171_1,2026-09-26,Gabon,"Minister for Foreign Affairs and Cooperation, in charge of Integration and the Diaspora",2,Female,1,Women Alone,"For Gabon, there can be no legitimate global governance without equitable African participation in decisions concerning international peace and security. Mr. president, Gabon's vision is one of inclusive and reformed multilateralism that takes into account the aspirations of peoples, particularly women and young people. It is within this framework that the fundamental right of every state to chart its own course must be guaranteed.",2,Agent / Actor-Oriented,"Marked as Agent / Actor-Oriented because aspirations of peoples, particularly women and young people, invoked in a vision for reformed multilateralism.",1,Abstract / Rhetorical Mention,3,Dual / Mixed Framing,3,Governance & Human Rights,GAB
M_172,M_172_0,2026-09-26,Jamaica,Minister for Foreign Affairs and Foreign Trade,2,Female,0,No Mention,,0,No Mention,No mention of women in the speech.,0,No Mention,0,No Mention,0,No Mention,JAM
M_173,M_173_1,2026-09-26,Sao Tome and Principe,"Minister of State and for Foreign Affairs, Cooperation and Communities",2,Female,1,Women Alone,"Mr. president, creating opportunities and ensuring truly inclusive development require strong institutions capable of guaranteeing peace, justice, respect for human rights and the participation of all in the life of the country. There can be no sustainable development without these conditions, nor without the full participation of women and men in political, economic and social life. It is in this context that 2026 is a year of particular significance for santomean democracy.",2,Agent / Actor-Oriented,"Marked as Agent / Actor-Oriented because full participation of women and men in political, economic and social life linked to sustainable development.",1,Abstract / Rhetorical Mention,1,Domestic Context,3,Governance & Human Rights,STP
M_173,M_173_2,2026-09-26,Sao Tome and Principe,"Minister of State and for Foreign Affairs, Cooperation and Communities",2,Female,1,Women Alone,"On September 27th, the people of Sao Tomé and Principe will return to the polls for the legislative, local and regional elections and will exercise their right to vote in large numbers. These elections are marked by important innovations notably automatic voter registration and the first application of the parity law, which is a significant step towards strengthening the inclusion and participation of women. With women accounting for 41.4% of confirmed candidacies.",2,Agent / Actor-Oriented,Marked as Agent / Actor-Oriented because a concrete parity law strengthening women's electoral participation.,3,Policy / Legislative Reform,1,Domestic Context,3,Governance & Human Rights,STP
M_173,M_173_3,2026-09-26,Sao Tome and Principe,"Minister of State and for Foreign Affairs, Cooperation and Communities",2,Female,1,Women Alone,"These elections are marked by important innovations notably automatic voter registration and the first application of the parity law, which is a significant step towards strengthening the inclusion and participation of women. With women accounting for 41.4% of confirmed candidacies. Above the legal threshold of 40%, they will be able to assert a growing presence in decision making spaces.",2,Agent / Actor-Oriented,Marked as Agent / Actor-Oriented because 41.4% of confirmed candidacies held by women cited as an institutional benchmark.,2,Institutional / Parity Target,1,Domestic Context,3,Governance & Human Rights,STP
M_174,M_174_1,2026-09-26,Zambia,Minister for Foreign Affairs and International Cooperation,1,Male,3,Women and Girls,"President, In Zambia, we have taken de cisive steps to expand access to education through the enactment of the Free Education Act, and the strengthening of the school feeding programme, ensuring that more children can access education and remain in school without the burden of fees or hunger standing in their way of learning. Zambia is equally committed to promoting gender equality and economic empowerment of women and girls. We are expanding opportunities in education, skills development, entrepreneurship, financial inclusion and leadership.",2,Agent / Actor-Oriented,Marked as Agent / Actor-Oriented because gender equality and economic empowerment of women and girls as a domestic commitment.,1,Abstract / Rhetorical Mention,1,Domestic Context,4,Economic Development & Labor,ZMB
M_174,M_174_2,2026-09-26,Zambia,Minister for Foreign Affairs and International Cooperation,1,Male,1,Women Alone,"We are expanding opportunities in education, skills development, entrepreneurship, financial inclusion and leadership. For the first time in our history, Parliament now provides for proportional representation of women, you ng people and persons with disabilities, reflecting our conviction that their voices and experiences must be heard in shaping the decisions that affect our nation. We are also strengthening efforts to end child, early and forced marriage by keeping girls in school and addressing the social and economic factors that place them at risk.",2,Agent / Actor-Oriented,Marked as Agent / Actor-Oriented because proportional representation of women cited as a new institutional benchmark in Parliament.,2,Institutional / Parity Target,1,Domestic Context,3,Governance & Human Rights,ZMB
M_174,M_174_3,2026-09-26,Zambia,Minister for Foreign Affairs and International Cooperation,1,Male,3,Women and Girls,"We therefore invite Member States to unite behind our global and continental commitments to drive domestic action. By investing in our people, particularly women, girls and young people, we are investing in Zambia's future. When we empower our people, we strengthen our nation; and when we invest in Africa's young people and women, we invest in the prosperity of our continent and the world.",2,Agent / Actor-Oriented,"Marked as Agent / Actor-Oriented because investment in women, girls and young people framed as investment in the nation's future.",1,Abstract / Rhetorical Mention,1,Domestic Context,4,Economic Development & Labor,ZMB
M_174,M_174_4,2026-09-26,Zambia,Minister for Foreign Affairs and International Cooperation,1,Male,1,Women Alone,"By investing in our people, particularly women, girls and young people, we are investing in Zambia's future. When we empower our people, we strengthen our nation; and when we invest in Africa's young people and women, we invest in the prosperity of our continent and the world. Our commitment is to build an inclusive society in which every citizen, regardless of gender, age or disability, has an opportunity to participate fully in our country's economic and social transformation.",2,Agent / Actor-Oriented,Marked as Agent / Actor-Oriented because investment in Africa's young people and women linked to continental prosperity.,1,Abstract / Rhetorical Mention,3,Dual / Mixed Framing,4,Economic Development & Labor,ZMB
M_175,M_175_0,2026-09-26,Indonesia,Minister for Foreign Affairs,1,Male,0,No Mention,,0,No Mention,No mention of women in the speech.,0,No Mention,0,No Mention,0,No Mention,IDN
M_176,M_176_0,2026-09-26,Cameroon,Minister for Foreign Affairs,1,Male,0,No Mention,,0,No Mention,No mention of women in the speech.,0,No Mention,0,No Mention,0,No Mention,CMR
M_177,M_177_1,2026-09-28,Mali,Minister for Foreign Affairs and International Cooperation,1,Male,1,Women Alone,"Who want to work with us? Public spending is increasingly directed today towards a structuring productive investment, better access to basic services and training and employment for young people and women in particular. And this ambition requires greater local processing of our natural and mining resources, stronger national production capacities and an active role for youth in Mali's economic and social transformation.",2,Agent / Actor-Oriented,Marked as Agent / Actor-Oriented because training and employment opportunities for young people and women.,1,Abstract / Rhetorical Mention,1,Domestic Context,4,Economic Development & Labor,MLI
M_178,M_178_0,2026-09-28,Eritrea,Minister for Foreign Affairs,1,Male,0,No Mention,,0,No Mention,No mention of women in the speech.,0,No Mention,0,No Mention,0,No Mention,ERI
M_179,M_179_1,2026-09-28,Burkina Faso,Minister for Foreign Affairs,1,Male,2,Women and Children,"To Her Excellency, Miss Annalena Baerbock, we reiterate our positive appreciation of the way she conducted the work of the 80th Session. It is with my heart full of the memory of thousands of children women and men from Burkina Faso Mali and Niger, innocent victims of terrorism that. I am taking the floor here this morning.",1,Vulnerable / Protection-Oriented,"Marked as Vulnerable / Protection-Oriented because children, women and men from Burkina Faso, Mali and Niger named as victims of terrorism.",1,Abstract / Rhetorical Mention,1,Domestic Context,1,Conflict & Security,BFA
M_179,M_179_2,2026-09-28,Burkina Faso,Minister for Foreign Affairs,1,Male,1,Women Alone,"The pact for the future the Compromisos de Sevilla, the Doha Programme of Action, the Unity Initiative and the Awasa programme of action for landlocked developing countries can contribute to making the multilateral system more effective, more inclusive and more focused on results as long as they do not just remain promises. Our priorities must be clearly defined reducing the digital gap, strengthening climate resilience, investing in human capital, consolidating and strengthening education and health systems, supporting industrialisation, ensuring the effective participation of youth and women in decision making. International solidarity is necessary.",2,Agent / Actor-Oriented,Marked as Agent / Actor-Oriented because effective participation of youth and women in decision-making as a stated national priority.,1,Abstract / Rhetorical Mention,1,Domestic Context,3,Governance & Human Rights,BFA
M_180,M_180_1,2026-09-28,Algeria,Minister of State,1,Male,2,Women and Children,"In Palestine, the humanitarian tragedy continues. The Israeli occupation continues to kill Palestinian civilians, including large numbers of women and children, in a scene in a scene that should never become a normalized part of the world's daily reality. The international community and we, along with it.",1,Vulnerable / Protection-Oriented,Marked as Vulnerable / Protection-Oriented because large numbers of women and children among Palestinian civilians killed by continued Israeli occupation.,1,Abstract / Rhetorical Mention,2,Foreign / Global Crisis Context,1,Conflict & Security,DZA
M_180,M_180_2,2026-09-28,Algeria,Minister of State,1,Male,1,Women Alone,"And an economic and environmental sustainability. It is based on a clear and firm and unwavering principle that no one should be left behind, and that not a single Algerian man or woman should be marginalized in the journey of national development When presenting its voluntary National Review Report in July 2026, Algeria outlined the progress that has achieved in implementing the 17 SDGs and the efforts that it has made in that regard, efforts that gained their true substance when those numbers became tangible improvements in all aspects of life. And this is the essence of development, transforming public policies into tangible dignity that people feel in their daily lives.",2,Agent / Actor-Oriented,"Marked as Agent / Actor-Oriented because no Algerian man or woman should be marginalized in national development, part of an SDG progress report.",3,Policy / Legislative Reform,1,Domestic Context,4,Economic Development & Labor,DZA
M_181,M_181_0,2026-09-28,El Salvador,Minister for Foreign Affairs,2,Female,0,No Mention,,0,No Mention,No mention of women in the speech.,0,No Mention,0,No Mention,0,No Mention,SLV
M_182,M_182_1,2026-09-28,Malawi,Minister for Foreign Affairs,1,Male,1,Women Alone,"President, the Malawi nation is not standing aloof as all these alarming developm ents occur. Malawi continues to play its part in global peace operations, deploying our brave men and women to U nited Nations peacekeeping missions to safeguard stability on our continent. In this regard, let me reiterate the calls for immediate cessation of hostilities in all active conflict zones worldwide.",2,Agent / Actor-Oriented,Marked as Agent / Actor-Oriented because men and women deployed to peacekeeping missions to safeguard regional stability.,1,Abstract / Rhetorical Mention,2,Foreign / Global Crisis Context,6,Peacekeeping & WPS Governance,MWI
M_183,M_183_0,2026-09-28,Sri Lanka,Minister for Foreign Affairs,1,Male,0,No Mention,,0,No Mention,No mention of women in the speech.,0,No Mention,0,No Mention,0,No Mention,LKA
M_184,M_184_0,2026-09-28,Congo,"Minister for Foreign Affairs, La Francophonie and Congolese Abroad",1,Male,0,No Mention,,0,No Mention,No mention of women in the speech.,0,No Mention,0,No Mention,0,No Mention,COG
M_185,M_185_1,2026-09-28,Sudan,Minister for Foreign Affairs,1,Male,1,Women Alone,"The analysis is in approved labs, which belong to the organization of the of the CCW. Any false allegation outside of this is a political, not scientific nor legal allegation And this is what is obvious from the false allegations of the UAE, which they reiterate to target the SAF, which are fighting against militia funded by the UAE that killed their people, raped their women, raped their women, destroy their infrastructure and use UAVs against them day and night Therefore. You must be disgraced for this.",1,Vulnerable / Protection-Oriented,"Marked as Vulnerable / Protection-Oriented because women named among victims of rape and violence amid an armed conflict, in a politically contested allegation.",1,Abstract / Rhetorical Mention,1,Domestic Context,1,Conflict & Security,SDN
M_186,M_186_1,2026-09-28,United Arab Emirates,Minister of State,1,Male,1,Women Alone,"At the same time, we are investing in the values of tolerance, peaceful coexistence, and inclusion through partnerships that bring together diverse nationalities and faiths. We arebuilding a society in which women participate fully, equally, and meaningfully, and in which young people are genuine partners in shaping their future. President, my country will remain committed to the path of moderation, the rejection of violence and extremism, and the investment in people and in the vast potential with which our region is so richly endowed.",2,Agent / Actor-Oriented,"Marked as Agent / Actor-Oriented because a society in which women participate fully, equally and meaningfully, as a domestic social vision.",1,Abstract / Rhetorical Mention,1,Domestic Context,3,Governance & Human Rights,ARE
M_187,M_187_0,2026-09-28,Democratic People’s Republic of Korea,Vice Minister for Foreign Affairs,1,Male,0,No Mention,,0,No Mention,No mention of women in the speech.,0,No Mention,0,No Mention,0,No Mention,PRK
M_188,M_188_0,2026-09-28,New Zealand,Permanent Representative to the United Nations,2,Female,0,No Mention,,0,No Mention,No mention of women in the speech.,0,No Mention,0,No Mention,0,No Mention,NZL
M_189,M_189_1,2026-09-28,Turkmenistan,Permanent Representative to the United Nations,1,Male,1,Women Alone,"Ladies and Gentlemen, Turkmenistan attaches great importance to the humanitarian dimension of international cooperation. Lasting peace is impossible without the f ull participation of women and young people, the preservation of human dignity, mutual respect and equal opportunities. Our country will continue to advance the Women and Peace and Security agenda, including by developing the Central Asian Women's Dialogue and expanding its cooperation with the United Nations Peacebuilding Commission and UN-Women.",2,Agent / Actor-Oriented,Marked as Agent / Actor-Oriented because lasting peace linked to the full participation of women and young people.,1,Abstract / Rhetorical Mention,3,Dual / Mixed Framing,6,Peacekeeping & WPS Governance,TKM
M_189,M_189_2,2026-09-28,Turkmenistan,Permanent Representative to the United Nations,1,Male,1,Women Alone,"Lasting peace is impossible without the f ull participation of women and young people, the preservation of human dignity, mutual respect and equal opportunities. Our country will continue to advance the Women and Peace and Security agenda, including by developing the Central Asian Women's Dialogue and expanding its cooperation with the United Nations Peacebuilding Commission and UN-Women. At the same time, we will support the activities of the Central Asian Youth Dialogue and promote the broader and more meaningful participation of young people in international and regional peace initiatives in accordance with the Youth and Peace and Security agenda.",2,Agent / Actor-Oriented,"Marked as Agent / Actor-Oriented because the Women, Peace and Security agenda and a regional women's dialogue cited as institutional commitments.",2,Institutional / Parity Target,3,Dual / Mixed Framing,6,Peacekeeping & WPS Governance,TKM
M_190,M_190_1,2026-09-28,Antigua and Barbuda,Permanent Representative to the United Nations,1,Male,1,Women Alone,"We believe she is the right leader for this moment. After more than eighty years, no woman has ever served as Secretary-General. The time has come.",2,Agent / Actor-Oriented,Marked as Agent / Actor-Oriented because statement that no woman has ever served as Secretary-General after more than eighty years.,1,Abstract / Rhetorical Mention,3,Dual / Mixed Framing,3,Governance & Human Rights,ATG
M_191,M_191_0,2026-09-28,Grenada,Permanent Representative to the United Nations,2,Female,0,No Mention,,0,No Mention,No mention of women in the speech.,0,No Mention,0,No Mention,0,No Mention,GRD
M_192,M_192_1,2026-09-28,South Sudan,Permanent Representative to the United Nations,2,Female,1,Women Alone,Civic and voter education must reach communities. Women and young people must parti cipate meaningfully. Refugees and internally displaced persons must not be left out.,2,Agent / Actor-Oriented,Marked as Agent / Actor-Oriented because women and young people called on to participate meaningfully in civic and voter education.,1,Abstract / Rhetorical Mention,1,Domestic Context,3,Governance & Human Rights,SSD
M_192,M_192_2,2026-09-28,South Sudan,Permanent Representative to the United Nations,2,Female,1,Women Alone,"President, South Sudan remains grateful for the contribution of the United Nations Mission in South Sudan. We recognize the men and women who have served under the United Nations flag, particularly those who have lost their lives in the service of peace. As South Sudan advances its transition, however, international engagement must also evolve.",3,Dual / Mixed Framing,"Marked as Dual / Mixed Framing because men and women who served under the UN flag (agency), including those who lost their lives (vulnerability), in peacekeeping.",1,Abstract / Rhetorical Mention,2,Foreign / Global Crisis Context,6,Peacekeeping & WPS Governance,SSD
M_192,M_192_3,2026-09-28,South Sudan,Permanent Representative to the United Nations,2,Female,1,Women Alone,Invest in education and healthcare; Invest in women and young people; and Invest in the institutions that will sustain peace long after peacekeepers have departed.,2,Agent / Actor-Oriented,Marked as Agent / Actor-Oriented because investment in women and young people named alongside education and healthcare priorities.,1,Abstract / Rhetorical Mention,1,Domestic Context,4,Economic Development & Labor,SSD
M_192,M_192_4,2026-09-28,South Sudan,Permanent Representative to the United Nations,2,Female,1,Women Alone,"Climate justice must be reflected not only in commitments, but in implementation. President, Women and young people remain central to President Kiir’s vision for South Sudan. The Revitalized Peace Agreement provided for 35 per cent representation of women in public institutions.",2,Agent / Actor-Oriented,Marked as Agent / Actor-Oriented because women and young people described as central to a national political vision.,1,Abstract / Rhetorical Mention,1,Domestic Context,3,Governance & Human Rights,SSD
M_192,M_192_5,2026-09-28,South Sudan,Permanent Representative to the United Nations,2,Female,1,Women Alone,"President, Women and young people remain central to President Kiir’s vision for South Sudan. The Revitalized Peace Agreement provided for 35 per cent representation of women in public institutions. South Sudan continuous on working to translate that commitment into meaningful participation at all levels.",2,Agent / Actor-Oriented,Marked as Agent / Actor-Oriented because 35% representation of women in public institutions cited as an institutional benchmark under a peace agreement.,2,Institutional / Parity Target,1,Domestic Context,3,Governance & Human Rights,SSD
M_192,M_192_6,2026-09-28,South Sudan,Permanent Representative to the United Nations,2,Female,1,Women Alone,A South Sudan where political competition does not lead to war. A South Sudan where women participate fully. Where young people have opportunities.,2,Agent / Actor-Oriented,"Marked as Agent / Actor-Oriented because a vision of full participation by women in a future, peaceful South Sudan.",1,Abstract / Rhetorical Mention,1,Domestic Context,3,Governance & Human Rights,SSD
M_193,M_193_1,2026-09-28,Denmark,Permanent Representative to the United Nations,2,Female,1,Women Alone,"This June, the Security Council unanimously adopted resolution 2823 [Twenty-eight twenty-three] on accountability for crimes against UN peacekeepers – led by Denmark and Pakistan, and backed by a record 153 member states. A clear signal of commitment to the safety and security of the brave men and women who serve under the UN flag. And a clear demonstration that the Council can still come together and speak with one voice.",2,Agent / Actor-Oriented,Marked as Agent / Actor-Oriented because commitment to the safety and security of men and women serving under the UN flag.,1,Abstract / Rhetorical Mention,2,Foreign / Global Crisis Context,6,Peacekeeping & WPS Governance,DNK
M_194,M_194_1,2026-09-28,Costa Rica,Permanent Representative to the United Nations,1,Male,1,Women Alone,"For this reason, Costa Rica has presented the candidacy of Miss Rebecca Greenspan to the position of Secretary general of the United Nations. She is a Latin American woman with a woman with a wealth of political, economic experience and experience in the multilateral arena. She has a proven track record of leadership.",2,Agent / Actor-Oriented,Marked as Agent / Actor-Oriented because a Latin American woman candidate's political and economic experience cited in support of her candidacy.,1,Abstract / Rhetorical Mention,3,Dual / Mixed Framing,3,Governance & Human Rights,CRI
M_194,M_194_2,2026-09-28,Costa Rica,Permanent Representative to the United Nations,1,Male,1,Women Alone,"We need a UN that does what it is called upon to do in its founding charter, that is, maintain international peace and security, ensure respect for human rights and advance development. Costa Rica firmly believes that the next secretary general must be a Latin American woman. More than that, it must be Rebecca Greenspan.",2,Agent / Actor-Oriented,Marked as Agent / Actor-Oriented because belief that the next Secretary-General must be a Latin American woman.,1,Abstract / Rhetorical Mention,3,Dual / Mixed Framing,3,Governance & Human Rights,CRI
M_195,M_195_0,2026-09-28,Vanuatu,Permanent Representative to the United Nations,1,Male,0,No Mention,,0,No Mention,No mention of women in the speech.,0,No Mention,0,No Mention,0,No Mention,VUT
M_196,M_196_0,2026-09-28,Benin,Permanent Representative to the United Nations,1,Male,0,No Mention,,0,No Mention,No mention of women in the speech.,0,No Mention,0,No Mention,0,No Mention,BEN
M_197,M_197_1,2026-09-28,President of the General Assembly (closing),President of the General Assembly,1,Male,3,Women and Girls,"It is when defending them is difficult. We see that test wherever civilians are dehumanized; wherever minorities face hatred; wherever migrants and refugees are denied dignity; and wherever women and girls are excluded from education, employment and public life. It was clear from the debate that gender equality cannot remain peripheral to our agenda.",1,Vulnerable / Protection-Oriented,"Marked as Vulnerable / Protection-Oriented because women and girls named among groups excluded from education, employment and public life, in closing remarks on the session's gender-equality theme.",1,Abstract / Rhetorical Mention,3,Dual / Mixed Framing,3,Governance & Human Rights,